Type;ArrivalTime;LES;NAgent;Lf1;Lf2;Lf3;Lf4;Lf5;Lf6;Lf7;Lf8;WaitingTime
30175;28980.0;0.0;0;1;0;0;0;0;0;0;0;120.0
30560;29040.0;0.0;1;0;1;0;0;0;0;0;0;300.0
30175;29280.0;120.0;2;1;0;0;0;0;0;0;0;120.0
30175;29340.0;120.0;4;1;0;0;0;0;0;0;0;240.0
30172;29280.0;540.0;2;0;0;1;0;0;0;0;0;360.0
30175;29340.0;120.0;4;1;0;0;0;0;0;0;0;300.0
30172;29340.0;360.0;4;0;0;1;0;0;0;0;0;300.0
30172;29160.0;0.0;1;0;0;1;0;0;0;0;0;540.0
30172;29580.0;300.0;6;0;0;1;0;0;0;0;0;120.0
30560;29640.0;300.0;6;0;1;0;0;0;0;0;0;60.0
30175;29520.0;240.0;5;1;0;0;0;0;0;0;0;240.0
30175;29760.0;240.0;2;1;0;0;0;0;0;0;0;0.0
30066;29700.0;0.0;4;0;0;0;0;0;1;0;0;180.0
30560;29880.0;420.0;2;0;1;0;0;0;0;0;0;120.0
30172;29880.0;120.0;2;0;0;1;0;0;0;0;0;180.0
30175;30000.0;300.0;4;1;0;0;0;0;0;0;0;120.0
30560;29820.0;60.0;1;0;1;0;0;0;0;0;0;420.0
30175;29940.0;0.0;3;1;0;0;0;0;0;0;0;300.0
30175;30000.0;300.0;4;1;0;0;0;0;0;0;0;240.0
30179;30000.0;0.0;4;0;0;0;0;1;0;0;0;240.0
30172;30000.0;180.0;4;0;0;1;0;0;0;0;0;240.0
30179;30180.0;480.0;6;0;0;0;0;1;0;0;0;60.0
30179;30240.0;60.0;8;0;0;0;0;1;0;0;0;180.0
30175;30180.0;240.0;6;1;0;0;0;0;0;0;0;360.0
30179;30480.0;180.0;6;0;0;0;0;1;0;0;0;60.0
30179;30120.0;240.0;6;0;0;0;0;1;0;0;0;480.0
30175;30420.0;360.0;5;1;0;0;0;0;0;0;0;180.0
30560;30600.0;600.0;6;0;1;0;0;0;0;0;0;180.0
30560;30720.0;300.0;10;0;1;0;0;0;0;0;0;60.0
30175;30660.0;300.0;8;1;0;0;0;0;0;0;0;180.0
30175;30660.0;300.0;8;1;0;0;0;0;0;0;0;180.0
30560;30720.0;300.0;10;0;1;0;0;0;0;0;0;120.0
30175;30720.0;180.0;10;1;0;0;0;0;0;0;0;120.0
30179;30780.0;540.0;14;0;0;0;0;1;0;0;0;60.0
30511;30840.0;0.0;13;0;0;0;0;0;0;0;1;0.0
30560;30300.0;120.0;3;0;1;0;0;0;0;0;0;600.0
30175;30480.0;660.0;6;1;0;0;0;0;0;0;0;420.0
30560;30600.0;600.0;6;0;1;0;0;0;0;0;0;300.0
30175;30600.0;420.0;6;1;0;0;0;0;0;0;0;300.0
30560;30300.0;120.0;3;0;1;0;0;0;0;0;0;660.0
30172;30600.0;240.0;6;0;0;1;0;0;0;0;0;420.0
30560;30900.0;120.0;9;0;1;0;0;0;0;0;0;120.0
30175;30420.0;360.0;5;1;0;0;0;0;0;0;0;660.0
30560;30900.0;120.0;9;0;1;0;0;0;0;0;0;180.0
30175;31080.0;600.0;8;1;0;0;0;0;0;0;0;0.0
30560;31140.0;300.0;6;0;1;0;0;0;0;0;0;0.0
30172;30960.0;420.0;7;0;0;1;0;0;0;0;0;240.0
30172;31200.0;240.0;9;0;0;1;0;0;0;0;0;0.0
30179;30720.0;60.0;10;0;0;0;0;1;0;0;0;540.0
30560;30960.0;120.0;7;0;1;0;0;0;0;0;0;300.0
30560;31020.0;540.0;9;0;1;0;0;0;0;0;0;300.0
30175;31260.0;180.0;11;1;0;0;0;0;0;0;0;60.0
30179;31200.0;60.0;9;0;0;0;0;1;0;0;0;180.0
30175;31200.0;600.0;9;1;0;0;0;0;0;0;0;180.0
30175;31260.0;180.0;11;1;0;0;0;0;0;0;0;120.0
30172;31260.0;0.0;11;0;0;1;0;0;0;0;0;120.0
30175;30840.0;120.0;13;1;0;0;0;0;0;0;0;600.0
30560;30960.0;120.0;7;0;1;0;0;0;0;0;0;540.0
30175;31140.0;0.0;6;1;0;0;0;0;0;0;0;360.0
30560;31140.0;300.0;6;0;1;0;0;0;0;0;0;360.0
30560;31260.0;360.0;11;0;1;0;0;0;0;0;0;240.0
30179;31200.0;60.0;9;0;0;0;0;1;0;0;0;360.0
30179;31320.0;180.0;13;0;0;0;0;1;0;0;0;240.0
30172;31440.0;120.0;8;0;0;1;0;0;0;0;0;120.0
30175;31500.0;60.0;8;1;0;0;0;0;0;0;0;120.0
30175;31140.0;0.0;6;1;0;0;0;0;0;0;0;600.0
30560;31620.0;300.0;5;0;1;0;0;0;0;0;0;120.0
30175;31680.0;360.0;7;1;0;0;0;0;0;0;0;60.0
30560;31500.0;240.0;8;0;1;0;0;0;0;0;0;300.0
30172;31560.0;120.0;6;0;0;1;0;0;0;0;0;300.0
30560;31620.0;300.0;5;0;1;0;0;0;0;0;0;240.0
30172;31740.0;300.0;9;0;0;1;0;0;0;0;0;120.0
30179;31860.0;300.0;9;0;0;0;0;1;0;0;0;0.0
30175;31560.0;120.0;6;1;0;0;0;0;0;0;0;360.0
30172;31620.0;300.0;5;0;0;1;0;0;0;0;0;300.0
30172;31800.0;120.0;8;0;0;1;0;0;0;0;0;180.0
30560;31800.0;480.0;8;0;1;0;0;0;0;0;0;180.0
30179;31740.0;240.0;9;0;0;0;0;1;0;0;0;300.0
30172;31920.0;300.0;9;0;0;1;0;0;0;0;0;120.0
30175;31980.0;660.0;8;1;0;0;0;0;0;0;0;60.0
30175;31980.0;660.0;8;1;0;0;0;0;0;0;0;60.0
30175;31860.0;60.0;9;1;0;0;0;0;0;0;0;240.0
30560;31980.0;180.0;8;0;1;0;0;0;0;0;0;120.0
30560;31980.0;180.0;8;0;1;0;0;0;0;0;0;120.0
30175;32040.0;60.0;13;1;0;0;0;0;0;0;0;60.0
30560;31680.0;120.0;7;0;1;0;0;0;0;0;0;480.0
30172;31860.0;180.0;9;0;0;1;0;0;0;0;0;300.0
30175;31980.0;660.0;8;1;0;0;0;0;0;0;0;180.0
30560;31980.0;180.0;8;0;1;0;0;0;0;0;0;180.0
30560;32040.0;120.0;13;0;1;0;0;0;0;0;0;120.0
30172;31980.0;120.0;8;0;0;1;0;0;0;0;0;240.0
30172;32100.0;240.0;12;0;0;1;0;0;0;0;0;180.0
30560;32160.0;540.0;11;0;1;0;0;0;0;0;0;120.0
30175;32220.0;60.0;9;1;0;0;0;0;0;0;0;60.0
30560;32220.0;120.0;9;0;1;0;0;0;0;0;0;60.0
30175;32220.0;60.0;9;1;0;0;0;0;0;0;0;60.0
30175;32160.0;60.0;11;1;0;0;0;0;0;0;0;240.0
30175;32340.0;60.0;9;1;0;0;0;0;0;0;0;60.0
30172;32220.0;180.0;9;0;0;1;0;0;0;0;0;240.0
30560;32280.0;60.0;12;0;1;0;0;0;0;0;0;180.0
30175;32460.0;600.0;16;1;0;0;0;0;0;0;0;0.0
30175;31860.0;60.0;9;1;0;0;0;0;0;0;0;660.0
30560;32340.0;180.0;9;0;1;0;0;0;0;0;0;180.0
30181;32460.0;600.0;16;0;0;0;1;0;0;0;0;60.0
30181;32520.0;60.0;21;0;0;0;1;0;0;0;0;0.0
30179;32100.0;0.0;12;0;0;0;0;1;0;0;0;480.0
30179;32280.0;480.0;12;0;0;0;0;1;0;0;0;300.0
30175;32340.0;60.0;9;1;0;0;0;0;0;0;0;240.0
30560;32460.0;300.0;16;0;1;0;0;0;0;0;0;120.0
30172;32580.0;600.0;21;0;0;1;0;0;0;0;0;0.0
30175;32040.0;60.0;13;1;0;0;0;0;0;0;0;600.0
30560;32100.0;120.0;12;0;1;0;0;0;0;0;0;540.0
30560;32340.0;180.0;9;0;1;0;0;0;0;0;0;300.0
30175;32400.0;240.0;15;1;0;0;0;0;0;0;0;240.0
30172;32640.0;0.0;23;0;0;1;0;0;0;0;0;0.0
30560;32460.0;300.0;16;0;1;0;0;0;0;0;0;240.0
30560;32520.0;360.0;21;0;1;0;0;0;0;0;0;180.0
30560;32640.0;240.0;23;0;1;0;0;0;0;0;0;60.0
30175;32640.0;300.0;23;1;0;0;0;0;0;0;0;60.0
30179;32700.0;300.0;31;0;0;0;0;1;0;0;0;0.0
30560;32340.0;180.0;9;0;1;0;0;0;0;0;0;420.0
30181;32460.0;600.0;16;0;0;0;1;0;0;0;0;300.0
30175;32460.0;600.0;16;1;0;0;0;0;0;0;0;300.0
30175;32580.0;1020.0;21;1;0;0;0;0;0;0;0;180.0
30175;32640.0;300.0;23;1;0;0;0;0;0;0;0;120.0
30175;32700.0;180.0;31;1;0;0;0;0;0;0;0;60.0
30560;32700.0;420.0;31;0;1;0;0;0;0;0;0;60.0
30560;32760.0;60.0;40;0;1;0;0;0;0;0;0;0.0
30560;32460.0;300.0;16;0;1;0;0;0;0;0;0;360.0
30560;32580.0;180.0;21;0;1;0;0;0;0;0;0;240.0
30560;32640.0;240.0;23;0;1;0;0;0;0;0;0;180.0
30175;32640.0;300.0;23;1;0;0;0;0;0;0;0;180.0
30175;32700.0;180.0;31;1;0;0;0;0;0;0;0;120.0
30175;32700.0;180.0;31;1;0;0;0;0;0;0;0;120.0
30181;32580.0;0.0;21;0;0;0;1;0;0;0;0;300.0
30175;32580.0;1020.0;21;1;0;0;0;0;0;0;0;300.0
30560;32640.0;240.0;23;0;1;0;0;0;0;0;0;240.0
30175;32640.0;300.0;23;1;0;0;0;0;0;0;0;240.0
30175;32760.0;240.0;40;1;0;0;0;0;0;0;0;120.0
30560;32820.0;300.0;38;0;1;0;0;0;0;0;0;60.0
30172;32340.0;240.0;9;0;0;1;0;0;0;0;0;600.0
30175;32640.0;300.0;23;1;0;0;0;0;0;0;0;300.0
30175;32640.0;300.0;23;1;0;0;0;0;0;0;0;300.0
30181;32640.0;480.0;23;0;0;0;1;0;0;0;0;300.0
30181;32700.0;300.0;31;0;0;0;1;0;0;0;0;240.0
30181;32700.0;300.0;31;0;0;0;1;0;0;0;0;240.0
30560;32700.0;420.0;31;0;1;0;0;0;0;0;0;240.0
30175;32700.0;180.0;31;1;0;0;0;0;0;0;0;240.0
30560;32820.0;300.0;38;0;1;0;0;0;0;0;0;120.0
30560;32820.0;300.0;38;0;1;0;0;0;0;0;0;120.0
30181;32400.0;0.0;15;0;0;0;1;0;0;0;0;600.0
30175;32400.0;240.0;15;1;0;0;0;0;0;0;0;600.0
30175;32460.0;600.0;16;1;0;0;0;0;0;0;0;540.0
30560;32700.0;420.0;31;0;1;0;0;0;0;0;0;300.0
30560;32760.0;60.0;40;0;1;0;0;0;0;0;0;240.0
30181;32820.0;780.0;38;0;0;0;1;0;0;0;0;180.0
30175;32580.0;1020.0;21;1;0;0;0;0;0;0;0;480.0
30181;32580.0;0.0;21;0;0;0;1;0;0;0;0;480.0
30560;32640.0;240.0;23;0;1;0;0;0;0;0;0;420.0
30175;32700.0;180.0;31;1;0;0;0;0;0;0;0;360.0
30560;32760.0;60.0;40;0;1;0;0;0;0;0;0;300.0
30560;32820.0;300.0;38;0;1;0;0;0;0;0;0;240.0
30560;32880.0;120.0;40;0;1;0;0;0;0;0;0;180.0
30560;32880.0;120.0;40;0;1;0;0;0;0;0;0;180.0
30175;32880.0;360.0;40;1;0;0;0;0;0;0;0;180.0
30175;32880.0;360.0;40;1;0;0;0;0;0;0;0;180.0
30175;32880.0;360.0;40;1;0;0;0;0;0;0;0;180.0
30181;32940.0;180.0;41;0;0;0;1;0;0;0;0;120.0
30175;32700.0;180.0;31;1;0;0;0;0;0;0;0;420.0
30175;32880.0;360.0;40;1;0;0;0;0;0;0;0;240.0
30181;32940.0;180.0;41;0;0;0;1;0;0;0;0;180.0
30172;32700.0;0.0;31;0;0;1;0;0;0;0;0;480.0
30175;32820.0;120.0;38;1;0;0;0;0;0;0;0;360.0
30181;32820.0;780.0;38;0;0;0;1;0;0;0;0;360.0
30560;32880.0;120.0;40;0;1;0;0;0;0;0;0;300.0
30560;32940.0;300.0;41;0;1;0;0;0;0;0;0;240.0
30172;33000.0;540.0;37;0;0;1;0;0;0;0;0;180.0
30179;33060.0;0.0;34;0;0;0;0;1;0;0;0;120.0
30175;33120.0;540.0;30;1;0;0;0;0;0;0;0;60.0
30175;33120.0;540.0;30;1;0;0;0;0;0;0;0;60.0
30175;32940.0;180.0;41;1;0;0;0;0;0;0;0;300.0
30175;33060.0;300.0;34;1;0;0;0;0;0;0;0;180.0
30175;33120.0;540.0;30;1;0;0;0;0;0;0;0;120.0
30175;33120.0;540.0;30;1;0;0;0;0;0;0;0;120.0
30175;32640.0;300.0;23;1;0;0;0;0;0;0;0;660.0
30172;32760.0;480.0;40;0;0;1;0;0;0;0;0;540.0
30175;33000.0;300.0;37;1;0;0;0;0;0;0;0;300.0
30560;33060.0;600.0;34;0;1;0;0;0;0;0;0;240.0
30175;33240.0;240.0;29;1;0;0;0;0;0;0;0;60.0
30179;33120.0;120.0;30;0;0;0;0;1;0;0;0;240.0
30175;33240.0;240.0;29;1;0;0;0;0;0;0;0;120.0
30179;33300.0;240.0;29;0;0;0;0;1;0;0;0;60.0
30560;33300.0;240.0;29;0;1;0;0;0;0;0;0;60.0
30560;33300.0;240.0;29;0;1;0;0;0;0;0;0;60.0
30175;33360.0;180.0;32;1;0;0;0;0;0;0;0;0.0
30175;32520.0;540.0;21;1;0;0;0;0;0;0;0;900.0
30172;33060.0;180.0;34;0;0;1;0;0;0;0;0;360.0
30181;33060.0;180.0;34;0;0;0;1;0;0;0;0;360.0
30175;33180.0;480.0;34;1;0;0;0;0;0;0;0;240.0
30175;33180.0;480.0;34;1;0;0;0;0;0;0;0;240.0
30560;33180.0;240.0;34;0;1;0;0;0;0;0;0;240.0
30175;33300.0;60.0;29;1;0;0;0;0;0;0;0;120.0
30175;33360.0;180.0;32;1;0;0;0;0;0;0;0;60.0
30175;33360.0;180.0;32;1;0;0;0;0;0;0;0;60.0
30175;33360.0;180.0;32;1;0;0;0;0;0;0;0;60.0
30560;33420.0;300.0;38;0;1;0;0;0;0;0;0;0.0
30181;32700.0;300.0;31;0;0;0;1;0;0;0;0;780.0
30175;33180.0;480.0;34;1;0;0;0;0;0;0;0;300.0
30175;33240.0;240.0;29;1;0;0;0;0;0;0;0;240.0
30172;33300.0;360.0;29;0;0;1;0;0;0;0;0;180.0
30181;33300.0;360.0;29;0;0;0;1;0;0;0;0;180.0
30175;33300.0;60.0;29;1;0;0;0;0;0;0;0;180.0
30175;33360.0;180.0;32;1;0;0;0;0;0;0;0;120.0
30560;33420.0;300.0;38;0;1;0;0;0;0;0;0;60.0
30175;32520.0;540.0;21;1;0;0;0;0;0;0;0;1020.0
30181;32760.0;240.0;40;0;0;0;1;0;0;0;0;780.0
30175;33060.0;300.0;34;1;0;0;0;0;0;0;0;480.0
30181;33300.0;360.0;29;0;0;0;1;0;0;0;0;240.0
30172;33360.0;180.0;32;0;0;1;0;0;0;0;0;180.0
30560;33420.0;300.0;38;0;1;0;0;0;0;0;0;120.0
30560;33420.0;300.0;38;0;1;0;0;0;0;0;0;120.0
30172;33420.0;180.0;38;0;0;1;0;0;0;0;0;120.0
30560;33480.0;300.0;38;0;1;0;0;0;0;0;0;60.0
30175;33540.0;360.0;36;1;0;0;0;0;0;0;0;0.0
30181;32820.0;780.0;38;0;0;0;1;0;0;0;0;780.0
30560;33000.0;240.0;37;0;1;0;0;0;0;0;0;600.0
30175;33060.0;300.0;34;1;0;0;0;0;0;0;0;540.0
30175;33120.0;540.0;30;1;0;0;0;0;0;0;0;480.0
30175;33240.0;240.0;29;1;0;0;0;0;0;0;0;360.0
30175;33360.0;180.0;32;1;0;0;0;0;0;0;0;240.0
30175;33480.0;300.0;38;1;0;0;0;0;0;0;0;120.0
30175;33540.0;360.0;36;1;0;0;0;0;0;0;0;60.0
30175;33360.0;180.0;32;1;0;0;0;0;0;0;0;300.0
30560;33360.0;60.0;32;0;1;0;0;0;0;0;0;300.0
30172;33420.0;180.0;38;0;0;1;0;0;0;0;0;240.0
30175;33540.0;360.0;36;1;0;0;0;0;0;0;0;120.0
30175;33060.0;300.0;34;1;0;0;0;0;0;0;0;660.0
30175;33120.0;540.0;30;1;0;0;0;0;0;0;0;600.0
30175;33360.0;180.0;32;1;0;0;0;0;0;0;0;360.0
30175;33420.0;60.0;38;1;0;0;0;0;0;0;0;300.0
30560;33420.0;300.0;38;0;1;0;0;0;0;0;0;300.0
30175;33600.0;780.0;33;1;0;0;0;0;0;0;0;120.0
30181;32940.0;180.0;41;0;0;0;1;0;0;0;0;840.0
30181;33360.0;180.0;32;0;0;0;1;0;0;0;0;420.0
30175;33420.0;60.0;38;1;0;0;0;0;0;0;0;360.0
30560;33480.0;300.0;38;0;1;0;0;0;0;0;0;300.0
30181;33540.0;840.0;36;0;0;0;1;0;0;0;0;240.0
30560;33600.0;300.0;33;0;1;0;0;0;0;0;0;180.0
30172;33660.0;360.0;30;0;0;1;0;0;0;0;0;120.0
30511;33720.0;0.0;32;0;0;0;0;0;0;0;1;60.0
30175;32940.0;180.0;41;1;0;0;0;0;0;0;0;900.0
30172;33420.0;180.0;38;0;0;1;0;0;0;0;0;420.0
30172;33480.0;120.0;38;0;0;1;0;0;0;0;0;360.0
30175;33480.0;300.0;38;1;0;0;0;0;0;0;0;360.0
30175;33600.0;780.0;33;1;0;0;0;0;0;0;0;240.0
30560;33660.0;180.0;30;0;1;0;0;0;0;0;0;180.0
30172;33660.0;360.0;30;0;0;1;0;0;0;0;0;180.0
30181;33720.0;240.0;32;0;0;0;1;0;0;0;0;120.0
30175;33720.0;300.0;32;1;0;0;0;0;0;0;0;120.0
30172;33540.0;360.0;36;0;0;1;0;0;0;0;0;360.0
30175;33600.0;780.0;33;1;0;0;0;0;0;0;0;300.0
30560;33660.0;180.0;30;0;1;0;0;0;0;0;0;240.0
30175;33780.0;120.0;34;1;0;0;0;0;0;0;0;120.0
30175;33780.0;120.0;34;1;0;0;0;0;0;0;0;120.0
30179;33840.0;60.0;36;0;0;0;0;1;0;0;0;60.0
30181;33420.0;660.0;38;0;0;0;1;0;0;0;0;540.0
30181;33540.0;840.0;36;0;0;0;1;0;0;0;0;420.0
30175;33600.0;780.0;33;1;0;0;0;0;0;0;0;360.0
30175;33660.0;120.0;30;1;0;0;0;0;0;0;0;300.0
30175;33780.0;120.0;34;1;0;0;0;0;0;0;0;180.0
30560;33780.0;240.0;34;0;1;0;0;0;0;0;0;180.0
30560;33900.0;300.0;40;0;1;0;0;0;0;0;0;60.0
30181;33360.0;180.0;32;0;0;0;1;0;0;0;0;660.0
30181;33720.0;240.0;32;0;0;0;1;0;0;0;0;300.0
30175;33780.0;120.0;34;1;0;0;0;0;0;0;0;240.0
30175;33840.0;120.0;36;1;0;0;0;0;0;0;0;180.0
30172;33840.0;540.0;36;0;0;1;0;0;0;0;0;180.0
30560;33900.0;300.0;40;0;1;0;0;0;0;0;0;120.0
30175;33960.0;1140.0;40;1;0;0;0;0;0;0;0;60.0
30181;33720.0;240.0;32;0;0;0;1;0;0;0;0;360.0
30175;33780.0;120.0;34;1;0;0;0;0;0;0;0;300.0
30560;33780.0;240.0;34;0;1;0;0;0;0;0;0;300.0
30172;33840.0;540.0;36;0;0;1;0;0;0;0;0;240.0
30181;33840.0;480.0;36;0;0;0;1;0;0;0;0;240.0
30175;33720.0;300.0;32;1;0;0;0;0;0;0;0;420.0
30175;33840.0;120.0;36;1;0;0;0;0;0;0;0;300.0
30560;33840.0;180.0;36;0;1;0;0;0;0;0;0;300.0
30175;33840.0;120.0;36;1;0;0;0;0;0;0;0;300.0
30560;33960.0;120.0;40;0;1;0;0;0;0;0;0;180.0
30175;33960.0;1140.0;40;1;0;0;0;0;0;0;0;180.0
30175;33960.0;1140.0;40;1;0;0;0;0;0;0;0;180.0
30175;34020.0;60.0;41;1;0;0;0;0;0;0;0;120.0
30175;33720.0;300.0;32;1;0;0;0;0;0;0;0;480.0
30560;33840.0;180.0;36;0;1;0;0;0;0;0;0;360.0
30172;33840.0;540.0;36;0;0;1;0;0;0;0;0;360.0
30181;33900.0;240.0;40;0;0;0;1;0;0;0;0;300.0
30175;33960.0;1140.0;40;1;0;0;0;0;0;0;0;240.0
30175;34020.0;60.0;41;1;0;0;0;0;0;0;0;180.0
30066;34020.0;180.0;41;0;0;0;0;0;1;0;0;180.0
30175;34080.0;240.0;46;1;0;0;0;0;0;0;0;120.0
30175;34140.0;120.0;45;1;0;0;0;0;0;0;0;60.0
30175;34140.0;120.0;45;1;0;0;0;0;0;0;0;60.0
30175;33780.0;120.0;34;1;0;0;0;0;0;0;0;480.0
30181;33780.0;300.0;34;0;0;0;1;0;0;0;0;480.0
30560;33960.0;120.0;40;0;1;0;0;0;0;0;0;300.0
30175;34020.0;60.0;41;1;0;0;0;0;0;0;0;240.0
30560;34020.0;300.0;41;0;1;0;0;0;0;0;0;240.0
30175;34020.0;60.0;41;1;0;0;0;0;0;0;0;240.0
30181;34140.0;420.0;45;0;0;0;1;0;0;0;0;120.0
30181;34140.0;420.0;45;0;0;0;1;0;0;0;0;120.0
30181;34140.0;420.0;45;0;0;0;1;0;0;0;0;120.0
30175;34140.0;120.0;45;1;0;0;0;0;0;0;0;120.0
30181;33480.0;540.0;38;0;0;0;1;0;0;0;0;840.0
30175;33540.0;360.0;36;1;0;0;0;0;0;0;0;780.0
30172;33660.0;360.0;30;0;0;1;0;0;0;0;0;660.0
30172;33780.0;180.0;34;0;0;1;0;0;0;0;0;540.0
30175;33840.0;120.0;36;1;0;0;0;0;0;0;0;480.0
30181;33840.0;480.0;36;0;0;0;1;0;0;0;0;480.0
30172;33960.0;360.0;40;0;0;1;0;0;0;0;0;360.0
30181;34020.0;300.0;41;0;0;0;1;0;0;0;0;300.0
30175;34200.0;120.0;48;1;0;0;0;0;0;0;0;120.0
30560;34200.0;540.0;48;0;1;0;0;0;0;0;0;120.0
30560;34320.0;120.0;48;0;1;0;0;0;0;0;0;0.0
30179;34320.0;600.0;48;0;0;0;0;1;0;0;0;0.0
30179;33900.0;60.0;40;0;0;0;0;1;0;0;0;480.0
30181;34020.0;300.0;41;0;0;0;1;0;0;0;0;360.0
30560;34080.0;240.0;46;0;1;0;0;0;0;0;0;300.0
30560;34200.0;540.0;48;0;1;0;0;0;0;0;0;180.0
30175;34200.0;120.0;48;1;0;0;0;0;0;0;0;180.0
30175;34260.0;180.0;49;1;0;0;0;0;0;0;0;120.0
30560;34260.0;120.0;49;0;1;0;0;0;0;0;0;120.0
30175;33720.0;300.0;32;1;0;0;0;0;0;0;0;720.0
30560;33900.0;300.0;40;0;1;0;0;0;0;0;0;540.0
30560;34020.0;300.0;41;0;1;0;0;0;0;0;0;420.0
30175;34020.0;60.0;41;1;0;0;0;0;0;0;0;420.0
30560;34080.0;240.0;46;0;1;0;0;0;0;0;0;360.0
30181;34140.0;420.0;45;0;0;0;1;0;0;0;0;300.0
30181;34200.0;300.0;48;0;0;0;1;0;0;0;0;240.0
30560;34200.0;540.0;48;0;1;0;0;0;0;0;0;240.0
30175;34260.0;180.0;49;1;0;0;0;0;0;0;0;180.0
30175;34380.0;420.0;41;1;0;0;0;0;0;0;0;60.0
30175;33840.0;120.0;36;1;0;0;0;0;0;0;0;660.0
30181;34080.0;360.0;46;0;0;0;1;0;0;0;0;420.0
30560;34320.0;120.0;48;0;1;0;0;0;0;0;0;180.0
30175;34440.0;60.0;47;1;0;0;0;0;0;0;0;60.0
30175;34020.0;60.0;41;1;0;0;0;0;0;0;0;540.0
30175;34200.0;120.0;48;1;0;0;0;0;0;0;0;360.0
30172;34200.0;360.0;48;0;0;1;0;0;0;0;0;360.0
30172;34260.0;480.0;49;0;0;1;0;0;0;0;0;300.0
30179;34500.0;180.0;45;0;0;0;0;1;0;0;0;60.0
30179;33960.0;480.0;40;0;0;0;0;1;0;0;0;660.0
30560;34140.0;300.0;45;0;1;0;0;0;0;0;0;480.0
30175;34140.0;120.0;45;1;0;0;0;0;0;0;0;480.0
30175;34380.0;420.0;41;1;0;0;0;0;0;0;0;240.0
30175;34380.0;420.0;41;1;0;0;0;0;0;0;0;240.0
30179;34380.0;0.0;41;0;0;0;0;1;0;0;0;240.0
30175;34380.0;420.0;41;1;0;0;0;0;0;0;0;240.0
30172;34440.0;360.0;47;0;0;1;0;0;0;0;0;180.0
30179;34440.0;240.0;47;0;0;0;0;1;0;0;0;180.0
30181;34500.0;300.0;45;0;0;0;1;0;0;0;0;120.0
30560;34500.0;300.0;45;0;1;0;0;0;0;0;0;120.0
30175;34560.0;720.0;55;1;0;0;0;0;0;0;0;60.0
30179;34560.0;60.0;55;0;0;0;0;1;0;0;0;60.0
30560;34140.0;300.0;45;0;1;0;0;0;0;0;0;540.0
30172;34200.0;360.0;48;0;0;1;0;0;0;0;0;480.0
30175;34260.0;180.0;49;1;0;0;0;0;0;0;0;420.0
30175;34260.0;180.0;49;1;0;0;0;0;0;0;0;420.0
30181;34320.0;600.0;48;0;0;0;1;0;0;0;0;360.0
30181;34380.0;420.0;41;0;0;0;1;0;0;0;0;300.0
30175;34380.0;420.0;41;1;0;0;0;0;0;0;0;300.0
30560;34440.0;600.0;47;0;1;0;0;0;0;0;0;240.0
30175;34440.0;60.0;47;1;0;0;0;0;0;0;0;240.0
30175;34500.0;240.0;45;1;0;0;0;0;0;0;0;180.0
30175;34680.0;300.0;55;1;0;0;0;0;0;0;0;0.0
30175;34020.0;60.0;41;1;0;0;0;0;0;0;0;720.0
30181;34320.0;600.0;48;0;0;0;1;0;0;0;0;420.0
30175;34380.0;420.0;41;1;0;0;0;0;0;0;0;360.0
30172;34380.0;300.0;41;0;0;1;0;0;0;0;0;360.0
30181;34440.0;300.0;47;0;0;0;1;0;0;0;0;300.0
30560;34440.0;600.0;47;0;1;0;0;0;0;0;0;300.0
30560;34500.0;300.0;45;0;1;0;0;0;0;0;0;240.0
30179;34500.0;180.0;45;0;0;0;0;1;0;0;0;240.0
30179;34560.0;60.0;55;0;0;0;0;1;0;0;0;180.0
30175;34620.0;480.0;59;1;0;0;0;0;0;0;0;120.0
30179;34680.0;60.0;55;0;0;0;0;1;0;0;0;60.0
30172;34200.0;360.0;48;0;0;1;0;0;0;0;0;600.0
30175;34560.0;720.0;55;1;0;0;0;0;0;0;0;240.0
30560;34620.0;600.0;59;0;1;0;0;0;0;0;0;180.0
30560;34620.0;600.0;59;0;1;0;0;0;0;0;0;180.0
30560;34620.0;600.0;59;0;1;0;0;0;0;0;0;180.0
30172;34680.0;1320.0;55;0;0;1;0;0;0;0;0;120.0
30175;34140.0;120.0;45;1;0;0;0;0;0;0;0;720.0
30179;34260.0;660.0;49;0;0;0;0;1;0;0;0;600.0
30181;34260.0;240.0;49;0;0;0;1;0;0;0;0;600.0
30172;34380.0;300.0;41;0;0;1;0;0;0;0;0;480.0
30181;34620.0;360.0;59;0;0;0;1;0;0;0;0;240.0
30172;34680.0;1320.0;55;0;0;1;0;0;0;0;0;180.0
30175;34740.0;240.0;52;1;0;0;0;0;0;0;0;120.0
30175;34800.0;240.0;55;1;0;0;0;0;0;0;0;60.0
30179;34800.0;480.0;55;0;0;0;0;1;0;0;0;60.0
30175;34500.0;240.0;45;1;0;0;0;0;0;0;0;420.0
30181;34500.0;300.0;45;0;0;0;1;0;0;0;0;420.0
30175;34560.0;720.0;55;1;0;0;0;0;0;0;0;360.0
30181;34560.0;420.0;55;0;0;0;1;0;0;0;0;360.0
30175;34620.0;480.0;59;1;0;0;0;0;0;0;0;300.0
30181;34620.0;360.0;59;0;0;0;1;0;0;0;0;300.0
30175;34680.0;300.0;55;1;0;0;0;0;0;0;0;240.0
30175;34740.0;240.0;52;1;0;0;0;0;0;0;0;180.0
30175;34740.0;240.0;52;1;0;0;0;0;0;0;0;180.0
30560;34740.0;180.0;52;0;1;0;0;0;0;0;0;180.0
30560;34740.0;180.0;52;0;1;0;0;0;0;0;0;180.0
30172;34380.0;300.0;41;0;0;1;0;0;0;0;0;600.0
30560;34380.0;180.0;41;0;1;0;0;0;0;0;0;600.0
30241;34500.0;60.0;45;0;0;0;0;0;0;0;1;480.0
30175;34620.0;480.0;59;1;0;0;0;0;0;0;0;360.0
30175;34620.0;480.0;59;1;0;0;0;0;0;0;0;360.0
30175;34680.0;300.0;55;1;0;0;0;0;0;0;0;300.0
30560;34740.0;180.0;52;0;1;0;0;0;0;0;0;240.0
30181;34740.0;480.0;52;0;0;0;1;0;0;0;0;240.0
30175;34740.0;240.0;52;1;0;0;0;0;0;0;0;240.0
30560;34740.0;180.0;52;0;1;0;0;0;0;0;0;240.0
30179;34800.0;480.0;55;0;0;0;0;1;0;0;0;180.0
30175;34920.0;240.0;63;1;0;0;0;0;0;0;0;60.0
30175;33900.0;300.0;40;1;0;0;0;0;0;0;0;1140.0
30066;34200.0;180.0;48;0;0;0;0;0;1;0;0;840.0
30175;34380.0;420.0;41;1;0;0;0;0;0;0;0;660.0
30175;34440.0;60.0;47;1;0;0;0;0;0;0;0;600.0
30181;34500.0;300.0;45;0;0;0;1;0;0;0;0;540.0
30175;34560.0;720.0;55;1;0;0;0;0;0;0;0;480.0
30181;34680.0;300.0;55;0;0;0;1;0;0;0;0;360.0
30175;34740.0;240.0;52;1;0;0;0;0;0;0;0;300.0
30560;34740.0;180.0;52;0;1;0;0;0;0;0;0;300.0
30175;34800.0;240.0;55;1;0;0;0;0;0;0;0;240.0
30560;34860.0;600.0;62;0;1;0;0;0;0;0;0;180.0
30175;34860.0;360.0;62;1;0;0;0;0;0;0;0;180.0
30179;34860.0;180.0;62;0;0;0;0;1;0;0;0;180.0
30560;34860.0;600.0;62;0;1;0;0;0;0;0;0;180.0
30175;34980.0;480.0;62;1;0;0;0;0;0;0;0;60.0
30181;34500.0;300.0;45;0;0;0;1;0;0;0;0;600.0
30560;34800.0;240.0;55;0;1;0;0;0;0;0;0;300.0
30560;34860.0;600.0;62;0;1;0;0;0;0;0;0;240.0
30181;34860.0;240.0;62;0;0;0;1;0;0;0;0;240.0
30175;34860.0;360.0;62;1;0;0;0;0;0;0;0;240.0
30175;34980.0;480.0;62;1;0;0;0;0;0;0;0;120.0
30175;34980.0;480.0;62;1;0;0;0;0;0;0;0;120.0
30175;34980.0;480.0;62;1;0;0;0;0;0;0;0;120.0
30175;35040.0;360.0;61;1;0;0;0;0;0;0;0;60.0
30560;34560.0;120.0;55;0;1;0;0;0;0;0;0;600.0
30181;34680.0;300.0;55;0;0;0;1;0;0;0;0;480.0
30175;34740.0;240.0;52;1;0;0;0;0;0;0;0;420.0
30172;34740.0;180.0;52;0;0;1;0;0;0;0;0;420.0
30175;34800.0;240.0;55;1;0;0;0;0;0;0;0;360.0
30175;34800.0;240.0;55;1;0;0;0;0;0;0;0;360.0
30560;34860.0;600.0;62;0;1;0;0;0;0;0;0;300.0
30181;34920.0;360.0;63;0;0;0;1;0;0;0;0;240.0
30175;35100.0;720.0;55;1;0;0;0;0;0;0;0;60.0
30179;35160.0;120.0;53;0;0;0;0;1;0;0;0;0.0
30175;34260.0;180.0;49;1;0;0;0;0;0;0;0;960.0
30175;34500.0;240.0;45;1;0;0;0;0;0;0;0;720.0
30179;34740.0;60.0;52;0;0;0;0;1;0;0;0;480.0
30560;34800.0;240.0;55;0;1;0;0;0;0;0;0;420.0
30560;34800.0;240.0;55;0;1;0;0;0;0;0;0;420.0
30175;34800.0;240.0;55;1;0;0;0;0;0;0;0;420.0
30181;34860.0;240.0;62;0;0;0;1;0;0;0;0;360.0
30181;34980.0;360.0;62;0;0;0;1;0;0;0;0;240.0
30181;34980.0;360.0;62;0;0;0;1;0;0;0;0;240.0
30181;35040.0;840.0;61;0;0;0;1;0;0;0;0;180.0
30181;35040.0;840.0;61;0;0;0;1;0;0;0;0;180.0
30179;35100.0;420.0;55;0;0;0;0;1;0;0;0;120.0
30175;35100.0;720.0;55;1;0;0;0;0;0;0;0;120.0
30175;34800.0;240.0;55;1;0;0;0;0;0;0;0;480.0
30179;34860.0;180.0;62;0;0;0;0;1;0;0;0;420.0
30181;34920.0;360.0;63;0;0;0;1;0;0;0;0;360.0
30172;34920.0;420.0;63;0;0;1;0;0;0;0;0;360.0
30181;34920.0;360.0;63;0;0;0;1;0;0;0;0;360.0
30172;34980.0;360.0;62;0;0;1;0;0;0;0;0;300.0
30175;35040.0;360.0;61;1;0;0;0;0;0;0;0;240.0
30560;35040.0;420.0;61;0;1;0;0;0;0;0;0;240.0
30560;35040.0;420.0;61;0;1;0;0;0;0;0;0;240.0
30175;35160.0;60.0;53;1;0;0;0;0;0;0;0;120.0
30172;35160.0;300.0;53;0;0;1;0;0;0;0;0;120.0
30175;34560.0;720.0;55;1;0;0;0;0;0;0;0;780.0
30175;34800.0;240.0;55;1;0;0;0;0;0;0;0;540.0
30560;34920.0;300.0;63;0;1;0;0;0;0;0;0;420.0
30175;34980.0;480.0;62;1;0;0;0;0;0;0;0;360.0
30560;35100.0;240.0;55;0;1;0;0;0;0;0;0;240.0
30560;35100.0;240.0;55;0;1;0;0;0;0;0;0;240.0
30175;35220.0;120.0;50;1;0;0;0;0;0;0;0;120.0
30066;35280.0;840.0;48;0;0;0;0;0;1;0;0;60.0
30560;34800.0;240.0;55;0;1;0;0;0;0;0;0;600.0
30175;34920.0;240.0;63;1;0;0;0;0;0;0;0;480.0
30175;34980.0;480.0;62;1;0;0;0;0;0;0;0;420.0
30560;35040.0;420.0;61;0;1;0;0;0;0;0;0;360.0
30560;35160.0;240.0;53;0;1;0;0;0;0;0;0;240.0
30560;35160.0;240.0;53;0;1;0;0;0;0;0;0;240.0
30560;35220.0;240.0;50;0;1;0;0;0;0;0;0;180.0
30560;35220.0;240.0;50;0;1;0;0;0;0;0;0;180.0
30175;35280.0;360.0;48;1;0;0;0;0;0;0;0;120.0
30181;34920.0;360.0;63;0;0;0;1;0;0;0;0;540.0
30181;35220.0;180.0;50;0;0;0;1;0;0;0;0;240.0
30181;34920.0;360.0;63;0;0;0;1;0;0;0;0;600.0
30175;35100.0;720.0;55;1;0;0;0;0;0;0;0;420.0
30175;35160.0;60.0;53;1;0;0;0;0;0;0;0;360.0
30175;35220.0;120.0;50;1;0;0;0;0;0;0;0;300.0
30560;35220.0;240.0;50;0;1;0;0;0;0;0;0;300.0
30175;35220.0;120.0;50;1;0;0;0;0;0;0;0;300.0
30181;35220.0;180.0;50;0;0;0;1;0;0;0;0;300.0
30175;35280.0;360.0;48;1;0;0;0;0;0;0;0;240.0
30560;35340.0;300.0;45;0;1;0;0;0;0;0;0;180.0
30560;35460.0;420.0;41;0;1;0;0;0;0;0;0;60.0
30175;34500.0;240.0;45;1;0;0;0;0;0;0;0;1080.0
30175;35160.0;60.0;53;1;0;0;0;0;0;0;0;420.0
30175;35220.0;120.0;50;1;0;0;0;0;0;0;0;360.0
30175;35220.0;120.0;50;1;0;0;0;0;0;0;0;360.0
30560;35280.0;180.0;48;0;1;0;0;0;0;0;0;300.0
30560;35340.0;300.0;45;0;1;0;0;0;0;0;0;240.0
30175;35400.0;300.0;42;1;0;0;0;0;0;0;0;180.0
30066;35400.0;60.0;42;0;0;0;0;0;1;0;0;180.0
30181;35460.0;480.0;41;0;0;0;1;0;0;0;0;120.0
30175;34920.0;240.0;63;1;0;0;0;0;0;0;0;720.0
30175;35040.0;360.0;61;1;0;0;0;0;0;0;0;600.0
30175;35220.0;120.0;50;1;0;0;0;0;0;0;0;420.0
30172;35280.0;120.0;48;0;0;1;0;0;0;0;0;360.0
30175;35340.0;240.0;45;1;0;0;0;0;0;0;0;300.0
30175;35340.0;240.0;45;1;0;0;0;0;0;0;0;300.0
30560;35400.0;240.0;42;0;1;0;0;0;0;0;0;240.0
30175;35460.0;660.0;41;1;0;0;0;0;0;0;0;180.0
30175;35460.0;660.0;41;1;0;0;0;0;0;0;0;180.0
30175;35520.0;180.0;45;1;0;0;0;0;0;0;0;120.0
30175;35640.0;480.0;38;1;0;0;0;0;0;0;0;0.0
30560;35400.0;240.0;42;0;1;0;0;0;0;0;0;300.0
30560;35460.0;420.0;41;0;1;0;0;0;0;0;0;240.0
30179;35520.0;0.0;45;0;0;0;0;1;0;0;0;180.0
30560;35580.0;240.0;40;0;1;0;0;0;0;0;0;120.0
30181;35640.0;540.0;38;0;0;0;1;0;0;0;0;60.0
30175;35040.0;360.0;61;1;0;0;0;0;0;0;0;720.0
30560;35100.0;240.0;55;0;1;0;0;0;0;0;0;660.0
30181;35280.0;300.0;48;0;0;0;1;0;0;0;0;480.0
30181;35280.0;300.0;48;0;0;0;1;0;0;0;0;480.0
30181;35460.0;480.0;41;0;0;0;1;0;0;0;0;300.0
30181;35520.0;300.0;45;0;0;0;1;0;0;0;0;240.0
30172;34500.0;180.0;45;0;0;1;0;0;0;0;0;1320.0
30181;34980.0;360.0;62;0;0;0;1;0;0;0;0;840.0
30175;35340.0;240.0;45;1;0;0;0;0;0;0;0;480.0
30560;35400.0;240.0;42;0;1;0;0;0;0;0;0;420.0
30175;35580.0;120.0;40;1;0;0;0;0;0;0;0;240.0
30560;35580.0;240.0;40;0;1;0;0;0;0;0;0;240.0
30175;35640.0;480.0;38;1;0;0;0;0;0;0;0;180.0
30181;35640.0;540.0;38;0;0;0;1;0;0;0;0;180.0
30175;34980.0;480.0;62;1;0;0;0;0;0;0;0;900.0
30172;35400.0;360.0;42;0;0;1;0;0;0;0;0;480.0
30175;35520.0;180.0;45;1;0;0;0;0;0;0;0;360.0
30181;35580.0;240.0;40;0;0;0;1;0;0;0;0;300.0
30560;35580.0;240.0;40;0;1;0;0;0;0;0;0;300.0
30175;35640.0;480.0;38;1;0;0;0;0;0;0;0;240.0
30181;35700.0;300.0;38;0;0;0;1;0;0;0;0;180.0
30175;35760.0;900.0;41;1;0;0;0;0;0;0;0;120.0
30175;35400.0;300.0;42;1;0;0;0;0;0;0;0;540.0
30181;35640.0;540.0;38;0;0;0;1;0;0;0;0;300.0
30560;35640.0;120.0;38;0;1;0;0;0;0;0;0;300.0
30181;35640.0;540.0;38;0;0;0;1;0;0;0;0;300.0
30560;35700.0;360.0;38;0;1;0;0;0;0;0;0;240.0
30175;35880.0;180.0;49;1;0;0;0;0;0;0;0;60.0
30175;35280.0;360.0;48;1;0;0;0;0;0;0;0;720.0
30560;35640.0;120.0;38;0;1;0;0;0;0;0;0;360.0
30172;35700.0;480.0;38;0;0;1;0;0;0;0;0;300.0
30560;35760.0;240.0;41;0;1;0;0;0;0;0;0;240.0
30175;35760.0;900.0;41;1;0;0;0;0;0;0;0;240.0
30172;35820.0;540.0;45;0;0;1;0;0;0;0;0;180.0
30175;35820.0;420.0;45;1;0;0;0;0;0;0;0;180.0
30175;35820.0;420.0;45;1;0;0;0;0;0;0;0;180.0
30175;35400.0;300.0;42;1;0;0;0;0;0;0;0;660.0
30175;35520.0;180.0;45;1;0;0;0;0;0;0;0;540.0
30175;35580.0;120.0;40;1;0;0;0;0;0;0;0;480.0
30560;35760.0;240.0;41;0;1;0;0;0;0;0;0;300.0
30181;35820.0;660.0;45;0;0;0;1;0;0;0;0;240.0
30560;35880.0;360.0;49;0;1;0;0;0;0;0;0;180.0
30181;35580.0;240.0;40;0;0;0;1;0;0;0;0;540.0
30175;35700.0;240.0;38;1;0;0;0;0;0;0;0;420.0
30560;35760.0;240.0;41;0;1;0;0;0;0;0;0;360.0
30175;35820.0;420.0;45;1;0;0;0;0;0;0;0;300.0
30175;35880.0;180.0;49;1;0;0;0;0;0;0;0;240.0
30175;35880.0;180.0;49;1;0;0;0;0;0;0;0;240.0
30560;35940.0;180.0;46;0;1;0;0;0;0;0;0;180.0
30560;35940.0;180.0;46;0;1;0;0;0;0;0;0;180.0
30181;35940.0;480.0;46;0;0;0;1;0;0;0;0;180.0
30172;36000.0;480.0;45;0;0;1;0;0;0;0;0;120.0
30175;36060.0;180.0;42;1;0;0;0;0;0;0;0;60.0
30172;35700.0;480.0;38;0;0;1;0;0;0;0;0;480.0
30175;35760.0;900.0;41;1;0;0;0;0;0;0;0;420.0
30175;35760.0;900.0;41;1;0;0;0;0;0;0;0;420.0
30560;35820.0;300.0;45;0;1;0;0;0;0;0;0;360.0
30175;35820.0;420.0;45;1;0;0;0;0;0;0;0;360.0
30179;35820.0;180.0;45;0;0;0;0;1;0;0;0;360.0
30175;36000.0;900.0;45;1;0;0;0;0;0;0;0;180.0
30172;36060.0;120.0;42;0;0;1;0;0;0;0;0;120.0
30181;36060.0;540.0;42;0;0;0;1;0;0;0;0;120.0
30175;36120.0;360.0;49;1;0;0;0;0;0;0;0;60.0
30175;35760.0;900.0;41;1;0;0;0;0;0;0;0;480.0
30175;35820.0;420.0;45;1;0;0;0;0;0;0;0;420.0
30066;35880.0;180.0;49;0;0;0;0;0;1;0;0;360.0
30241;36000.0;480.0;45;0;0;0;0;0;0;0;1;240.0
30175;36060.0;180.0;42;1;0;0;0;0;0;0;0;180.0
30560;36060.0;180.0;42;0;1;0;0;0;0;0;0;180.0
30560;36060.0;180.0;42;0;1;0;0;0;0;0;0;180.0
30560;36060.0;180.0;42;0;1;0;0;0;0;0;0;180.0
30175;36120.0;360.0;49;1;0;0;0;0;0;0;0;120.0
30560;36120.0;300.0;49;0;1;0;0;0;0;0;0;120.0
30560;36180.0;780.0;47;0;1;0;0;0;0;0;0;60.0
30172;35760.0;300.0;41;0;0;1;0;0;0;0;0;540.0
30172;35820.0;540.0;45;0;0;1;0;0;0;0;0;480.0
30181;35820.0;660.0;45;0;0;0;1;0;0;0;0;480.0
30175;36060.0;180.0;42;1;0;0;0;0;0;0;0;240.0
30175;36060.0;180.0;42;1;0;0;0;0;0;0;0;240.0
30175;36180.0;60.0;47;1;0;0;0;0;0;0;0;120.0
30175;36180.0;60.0;47;1;0;0;0;0;0;0;0;120.0
30560;36180.0;780.0;47;0;1;0;0;0;0;0;0;120.0
30175;36240.0;420.0;44;1;0;0;0;0;0;0;0;60.0
30181;35700.0;300.0;38;0;0;0;1;0;0;0;0;660.0
30181;35700.0;300.0;38;0;0;0;1;0;0;0;0;660.0
30560;36060.0;180.0;42;0;1;0;0;0;0;0;0;300.0
30560;36060.0;180.0;42;0;1;0;0;0;0;0;0;300.0
30172;36240.0;120.0;44;0;0;1;0;0;0;0;0;120.0
30560;35640.0;120.0;38;0;1;0;0;0;0;0;0;780.0
30560;35760.0;240.0;41;0;1;0;0;0;0;0;0;660.0
30241;35940.0;480.0;46;0;0;0;0;0;0;0;1;480.0
30175;36060.0;180.0;42;1;0;0;0;0;0;0;0;360.0
30175;36060.0;180.0;42;1;0;0;0;0;0;0;0;360.0
30560;36120.0;300.0;49;0;1;0;0;0;0;0;0;300.0
30181;36120.0;120.0;49;0;0;0;1;0;0;0;0;300.0
30560;36240.0;120.0;44;0;1;0;0;0;0;0;0;180.0
30511;36300.0;240.0;39;0;0;0;0;0;0;0;1;120.0
30560;36300.0;180.0;39;0;1;0;0;0;0;0;0;120.0
30172;36360.0;600.0;43;0;0;1;0;0;0;0;0;60.0
30560;36120.0;300.0;49;0;1;0;0;0;0;0;0;360.0
30175;36180.0;60.0;47;1;0;0;0;0;0;0;0;300.0
30175;36180.0;60.0;47;1;0;0;0;0;0;0;0;300.0
30181;36240.0;300.0;44;0;0;0;1;0;0;0;0;240.0
30181;36240.0;300.0;44;0;0;0;1;0;0;0;0;240.0
30175;36240.0;420.0;44;1;0;0;0;0;0;0;0;240.0
30241;36300.0;240.0;39;0;0;0;0;0;0;0;1;180.0
30560;36300.0;180.0;39;0;1;0;0;0;0;0;0;180.0
30560;36300.0;180.0;39;0;1;0;0;0;0;0;0;180.0
30175;35640.0;480.0;38;1;0;0;0;0;0;0;0;900.0
30181;36000.0;180.0;45;0;0;0;1;0;0;0;0;540.0
30175;36000.0;900.0;45;1;0;0;0;0;0;0;0;540.0
30175;36300.0;240.0;39;1;0;0;0;0;0;0;0;240.0
30175;36300.0;240.0;39;1;0;0;0;0;0;0;0;240.0
30181;36360.0;660.0;43;0;0;0;1;0;0;0;0;180.0
30560;36360.0;180.0;43;0;1;0;0;0;0;0;0;180.0
30179;36420.0;360.0;49;0;0;0;0;1;0;0;0;120.0
30175;35700.0;240.0;38;1;0;0;0;0;0;0;0;900.0
30175;36180.0;60.0;47;1;0;0;0;0;0;0;0;420.0
30175;36300.0;240.0;39;1;0;0;0;0;0;0;0;300.0
30181;36120.0;120.0;49;0;0;0;1;0;0;0;0;540.0
30560;36360.0;180.0;43;0;1;0;0;0;0;0;0;300.0
30175;36360.0;540.0;43;1;0;0;0;0;0;0;0;300.0
30560;36360.0;180.0;43;0;1;0;0;0;0;0;0;300.0
30175;36360.0;540.0;43;1;0;0;0;0;0;0;0;360.0
30066;36360.0;360.0;43;0;0;0;0;0;1;0;0;360.0
30560;36480.0;300.0;42;0;1;0;0;0;0;0;0;240.0
30175;36480.0;480.0;42;1;0;0;0;0;0;0;0;240.0
30181;36480.0;480.0;42;0;0;0;1;0;0;0;0;240.0
30560;36600.0;240.0;42;0;1;0;0;0;0;0;0;120.0
30560;36660.0;120.0;43;0;1;0;0;0;0;0;0;60.0
30560;36120.0;300.0;49;0;1;0;0;0;0;0;0;660.0
30172;36360.0;600.0;43;0;0;1;0;0;0;0;0;420.0
30175;36480.0;480.0;42;1;0;0;0;0;0;0;0;300.0
30175;36480.0;480.0;42;1;0;0;0;0;0;0;0;300.0
30175;36540.0;300.0;39;1;0;0;0;0;0;0;0;240.0
30175;36540.0;300.0;39;1;0;0;0;0;0;0;0;240.0
30175;36540.0;300.0;39;1;0;0;0;0;0;0;0;240.0
30175;35940.0;60.0;46;1;0;0;0;0;0;0;0;900.0
30175;36300.0;240.0;39;1;0;0;0;0;0;0;0;540.0
30172;36360.0;600.0;43;0;0;1;0;0;0;0;0;480.0
30175;36540.0;300.0;39;1;0;0;0;0;0;0;0;300.0
30560;36600.0;240.0;42;0;1;0;0;0;0;0;0;240.0
30560;36600.0;240.0;42;0;1;0;0;0;0;0;0;240.0
30560;36660.0;120.0;43;0;1;0;0;0;0;0;0;180.0
30172;36720.0;420.0;49;0;0;1;0;0;0;0;0;120.0
30560;36720.0;180.0;49;0;1;0;0;0;0;0;0;120.0
30560;36120.0;300.0;49;0;1;0;0;0;0;0;0;780.0
30175;36300.0;240.0;39;1;0;0;0;0;0;0;0;600.0
30175;36300.0;240.0;39;1;0;0;0;0;0;0;0;600.0
30172;36300.0;120.0;39;0;0;1;0;0;0;0;0;600.0
30181;36420.0;660.0;49;0;0;0;1;0;0;0;0;480.0
30175;36420.0;300.0;49;1;0;0;0;0;0;0;0;480.0
30175;36540.0;300.0;39;1;0;0;0;0;0;0;0;360.0
30181;36660.0;660.0;43;0;0;0;1;0;0;0;0;240.0
30241;36660.0;120.0;43;0;0;0;0;0;0;0;1;240.0
30181;36720.0;240.0;49;0;0;0;1;0;0;0;0;180.0
30560;36720.0;180.0;49;0;1;0;0;0;0;0;0;180.0
30175;36840.0;180.0;48;1;0;0;0;0;0;0;0;60.0
30175;36840.0;180.0;48;1;0;0;0;0;0;0;0;60.0
30181;36300.0;240.0;39;0;0;0;1;0;0;0;0;660.0
30175;36540.0;300.0;39;1;0;0;0;0;0;0;0;420.0
30066;36540.0;360.0;39;0;0;0;0;0;1;0;0;420.0
30172;36660.0;1080.0;43;0;0;1;0;0;0;0;0;300.0
30560;36720.0;180.0;49;0;1;0;0;0;0;0;0;240.0
30181;36780.0;300.0;50;0;0;0;1;0;0;0;0;180.0
30181;36780.0;300.0;50;0;0;0;1;0;0;0;0;180.0
30175;36780.0;600.0;50;1;0;0;0;0;0;0;0;180.0
30560;36840.0;240.0;48;0;1;0;0;0;0;0;0;120.0
30181;36360.0;660.0;43;0;0;0;1;0;0;0;0;660.0
30175;36540.0;300.0;39;1;0;0;0;0;0;0;0;480.0
30175;36540.0;300.0;39;1;0;0;0;0;0;0;0;480.0
30181;36720.0;240.0;49;0;0;0;1;0;0;0;0;300.0
30560;36780.0;240.0;50;0;1;0;0;0;0;0;0;240.0
30179;36840.0;480.0;48;0;0;0;0;1;0;0;0;180.0
30175;36840.0;180.0;48;1;0;0;0;0;0;0;0;180.0
30560;36960.0;240.0;42;0;1;0;0;0;0;0;0;60.0
30179;36600.0;120.0;42;0;0;0;0;1;0;0;0;480.0
30172;36660.0;1080.0;43;0;0;1;0;0;0;0;0;420.0
30175;36660.0;240.0;43;1;0;0;0;0;0;0;0;420.0
30175;36660.0;240.0;43;1;0;0;0;0;0;0;0;420.0
30175;36720.0;420.0;49;1;0;0;0;0;0;0;0;360.0
30181;36900.0;300.0;48;0;0;0;1;0;0;0;0;180.0
30175;37020.0;180.0;43;1;0;0;0;0;0;0;0;60.0
30181;36480.0;480.0;42;0;0;0;1;0;0;0;0;660.0
30175;36540.0;300.0;39;1;0;0;0;0;0;0;0;600.0
30179;36660.0;480.0;43;0;0;0;0;1;0;0;0;480.0
30181;36840.0;180.0;48;0;0;0;1;0;0;0;0;300.0
30181;36840.0;180.0;48;0;0;0;1;0;0;0;0;300.0
30181;36900.0;300.0;48;0;0;0;1;0;0;0;0;240.0
30560;36900.0;120.0;48;0;1;0;0;0;0;0;0;240.0
30560;36960.0;240.0;42;0;1;0;0;0;0;0;0;180.0
30175;36960.0;360.0;42;1;0;0;0;0;0;0;0;180.0
30175;37020.0;180.0;43;1;0;0;0;0;0;0;0;120.0
30560;37080.0;180.0;45;0;1;0;0;0;0;0;0;60.0
30175;36660.0;240.0;43;1;0;0;0;0;0;0;0;540.0
30181;36780.0;300.0;50;0;0;0;1;0;0;0;0;420.0
30560;36840.0;240.0;48;0;1;0;0;0;0;0;0;360.0
30175;36900.0;180.0;48;1;0;0;0;0;0;0;0;300.0
30175;36960.0;360.0;42;1;0;0;0;0;0;0;0;240.0
30179;36960.0;180.0;42;0;0;0;0;1;0;0;0;240.0
30175;36960.0;360.0;42;1;0;0;0;0;0;0;0;240.0
30181;37140.0;1440.0;42;0;0;0;1;0;0;0;0;60.0
30175;37140.0;660.0;42;1;0;0;0;0;0;0;0;60.0
30175;36900.0;180.0;48;1;0;0;0;0;0;0;0;360.0
30181;36960.0;240.0;42;0;0;0;1;0;0;0;0;300.0
30560;37080.0;180.0;45;0;1;0;0;0;0;0;0;180.0
30172;37140.0;240.0;42;0;0;1;0;0;0;0;0;120.0
30175;36720.0;420.0;49;1;0;0;0;0;0;0;0;600.0
30175;37020.0;180.0;43;1;0;0;0;0;0;0;0;300.0
30179;37020.0;240.0;43;0;0;0;0;1;0;0;0;300.0
30172;37080.0;840.0;45;0;0;1;0;0;0;0;0;240.0
30181;37140.0;1440.0;42;0;0;0;1;0;0;0;0;180.0
30175;37140.0;660.0;42;1;0;0;0;0;0;0;0;180.0
30560;37200.0;60.0;41;0;1;0;0;0;0;0;0;120.0
30560;37260.0;120.0;46;0;1;0;0;0;0;0;0;60.0
30560;37260.0;120.0;46;0;1;0;0;0;0;0;0;60.0
30175;35820.0;420.0;45;1;0;0;0;0;0;0;0;1560.0
30175;37020.0;180.0;43;1;0;0;0;0;0;0;0;360.0
30560;37200.0;60.0;41;0;1;0;0;0;0;0;0;180.0
30175;37200.0;60.0;41;1;0;0;0;0;0;0;0;180.0
30175;37260.0;600.0;46;1;0;0;0;0;0;0;0;120.0
30175;37260.0;600.0;46;1;0;0;0;0;0;0;0;120.0
30175;37380.0;600.0;55;1;0;0;0;0;0;0;0;0.0
30175;37020.0;180.0;43;1;0;0;0;0;0;0;0;420.0
30175;37140.0;660.0;42;1;0;0;0;0;0;0;0;300.0
30560;37200.0;60.0;41;0;1;0;0;0;0;0;0;240.0
30175;37320.0;120.0;54;1;0;0;0;0;0;0;0;120.0
30172;37320.0;420.0;54;0;0;1;0;0;0;0;0;120.0
30172;36420.0;420.0;49;0;0;1;0;0;0;0;0;1080.0
30175;36540.0;300.0;39;1;0;0;0;0;0;0;0;960.0
30175;36900.0;180.0;48;1;0;0;0;0;0;0;0;600.0
30181;37140.0;1440.0;42;0;0;0;1;0;0;0;0;360.0
30175;37140.0;660.0;42;1;0;0;0;0;0;0;0;360.0
30560;37200.0;60.0;41;0;1;0;0;0;0;0;0;300.0
30179;37200.0;300.0;41;0;0;0;0;1;0;0;0;300.0
30181;37200.0;60.0;41;0;0;0;1;0;0;0;0;300.0
30560;37320.0;540.0;54;0;1;0;0;0;0;0;0;180.0
30175;37320.0;120.0;54;1;0;0;0;0;0;0;0;180.0
30175;37440.0;360.0;60;1;0;0;0;0;0;0;0;60.0
30172;36900.0;120.0;48;0;0;1;0;0;0;0;0;660.0
30175;36960.0;360.0;42;1;0;0;0;0;0;0;0;600.0
30172;37200.0;120.0;41;0;0;1;0;0;0;0;0;360.0
30172;37200.0;120.0;41;0;0;1;0;0;0;0;0;360.0
30181;37200.0;60.0;41;0;0;0;1;0;0;0;0;360.0
30175;37260.0;600.0;46;1;0;0;0;0;0;0;0;300.0
30181;37320.0;840.0;54;0;0;0;1;0;0;0;0;240.0
30181;37380.0;240.0;55;0;0;0;1;0;0;0;0;180.0
30179;37440.0;360.0;60;0;0;0;0;1;0;0;0;120.0
30181;37440.0;180.0;60;0;0;0;1;0;0;0;0;120.0
30175;37020.0;180.0;43;1;0;0;0;0;0;0;0;600.0
30175;37020.0;180.0;43;1;0;0;0;0;0;0;0;600.0
30181;37200.0;60.0;41;0;0;0;1;0;0;0;0;420.0
30172;37260.0;540.0;46;0;0;1;0;0;0;0;0;360.0
30172;37260.0;540.0;46;0;0;1;0;0;0;0;0;360.0
30175;37260.0;600.0;46;1;0;0;0;0;0;0;0;360.0
30172;37320.0;420.0;54;0;0;1;0;0;0;0;0;300.0
30560;37380.0;780.0;55;0;1;0;0;0;0;0;0;240.0
30181;37380.0;240.0;55;0;0;0;1;0;0;0;0;240.0
30175;37440.0;360.0;60;1;0;0;0;0;0;0;0;180.0
30175;37500.0;60.0;62;1;0;0;0;0;0;0;0;120.0
30175;37020.0;180.0;43;1;0;0;0;0;0;0;0;660.0
30179;37200.0;300.0;41;0;0;0;0;1;0;0;0;480.0
30172;37260.0;540.0;46;0;0;1;0;0;0;0;0;420.0
30560;37440.0;540.0;60;0;1;0;0;0;0;0;0;240.0
30172;37620.0;300.0;48;0;0;1;0;0;0;0;0;60.0
30560;37680.0;0.0;42;0;1;0;0;0;0;0;0;0.0
30181;36960.0;240.0;42;0;0;0;1;0;0;0;0;780.0
30172;37200.0;120.0;41;0;0;1;0;0;0;0;0;540.0
30181;37380.0;240.0;55;0;0;0;1;0;0;0;0;360.0
30179;37380.0;300.0;55;0;0;0;0;1;0;0;0;360.0
30175;37380.0;600.0;55;1;0;0;0;0;0;0;0;360.0
30172;37440.0;120.0;60;0;0;1;0;0;0;0;0;300.0
30172;37680.0;60.0;42;0;0;1;0;0;0;0;0;60.0
30172;36960.0;660.0;42;0;0;1;0;0;0;0;0;840.0
30175;37200.0;60.0;41;1;0;0;0;0;0;0;0;600.0
30560;37260.0;120.0;46;0;1;0;0;0;0;0;0;540.0
30560;37320.0;540.0;54;0;1;0;0;0;0;0;0;480.0
30179;37380.0;300.0;55;0;0;0;0;1;0;0;0;420.0
30175;37500.0;60.0;62;1;0;0;0;0;0;0;0;300.0
30175;37620.0;0.0;48;1;0;0;0;0;0;0;0;180.0
30066;37080.0;420.0;45;0;0;0;0;0;1;0;0;780.0
30181;37140.0;1440.0;42;0;0;0;1;0;0;0;0;720.0
30175;37380.0;600.0;55;1;0;0;0;0;0;0;0;480.0
30175;37620.0;0.0;48;1;0;0;0;0;0;0;0;240.0
30181;37680.0;120.0;42;0;0;0;1;0;0;0;0;180.0
30181;37680.0;120.0;42;0;0;0;1;0;0;0;0;180.0
30179;37680.0;120.0;42;0;0;0;0;1;0;0;0;180.0
30175;37740.0;360.0;44;1;0;0;0;0;0;0;0;120.0
30175;37260.0;600.0;46;1;0;0;0;0;0;0;0;660.0
30175;37320.0;120.0;54;1;0;0;0;0;0;0;0;600.0
30560;37380.0;780.0;55;0;1;0;0;0;0;0;0;540.0
30172;37800.0;60.0;44;0;0;1;0;0;0;0;0;120.0
30560;37380.0;780.0;55;0;1;0;0;0;0;0;0;600.0
30175;37380.0;600.0;55;1;0;0;0;0;0;0;0;600.0
30181;37440.0;180.0;60;0;0;0;1;0;0;0;0;540.0
30175;37620.0;0.0;48;1;0;0;0;0;0;0;0;360.0
30175;37860.0;420.0;39;1;0;0;0;0;0;0;0;120.0
30175;37860.0;420.0;39;1;0;0;0;0;0;0;0;120.0
30175;37980.0;120.0;38;1;0;0;0;0;0;0;0;0.0
30181;36840.0;180.0;48;0;0;0;1;0;0;0;0;1200.0
30560;37500.0;240.0;62;0;1;0;0;0;0;0;0;540.0
30175;37680.0;660.0;42;1;0;0;0;0;0;0;0;360.0
30241;37740.0;240.0;44;0;0;0;0;0;0;0;1;300.0
30560;37800.0;0.0;44;0;1;0;0;0;0;0;0;240.0
30175;37920.0;120.0;38;1;0;0;0;0;0;0;0;120.0
30181;37260.0;420.0;46;0;0;0;1;0;0;0;0;840.0
30560;37320.0;540.0;54;0;1;0;0;0;0;0;0;780.0
30560;37320.0;540.0;54;0;1;0;0;0;0;0;0;780.0
30175;37740.0;360.0;44;1;0;0;0;0;0;0;0;360.0
30175;37860.0;420.0;39;1;0;0;0;0;0;0;0;240.0
30181;37860.0;1320.0;39;0;0;0;1;0;0;0;0;240.0
30181;37920.0;240.0;38;0;0;0;1;0;0;0;0;180.0
30181;37740.0;180.0;44;0;0;0;1;0;0;0;0;420.0
30175;37740.0;360.0;44;1;0;0;0;0;0;0;0;420.0
30175;37740.0;360.0;44;1;0;0;0;0;0;0;0;420.0
30175;37860.0;420.0;39;1;0;0;0;0;0;0;0;300.0
30172;37980.0;0.0;38;0;0;1;0;0;0;0;0;180.0
30175;37980.0;120.0;38;1;0;0;0;0;0;0;0;180.0
30181;38040.0;180.0;37;0;0;0;1;0;0;0;0;120.0
30560;38100.0;240.0;37;0;1;0;0;0;0;0;0;60.0
30175;37140.0;660.0;42;1;0;0;0;0;0;0;0;1080.0
30560;37920.0;240.0;38;0;1;0;0;0;0;0;0;300.0
30560;37980.0;300.0;38;0;1;0;0;0;0;0;0;240.0
30560;38100.0;240.0;37;0;1;0;0;0;0;0;0;120.0
30175;38100.0;540.0;37;1;0;0;0;0;0;0;0;120.0
30175;38160.0;120.0;40;1;0;0;0;0;0;0;0;60.0
30066;38160.0;780.0;40;0;0;0;0;0;1;0;0;60.0
30179;38160.0;180.0;40;0;0;0;0;1;0;0;0;60.0
30175;37620.0;0.0;48;1;0;0;0;0;0;0;0;660.0
30179;37680.0;120.0;42;0;0;0;0;1;0;0;0;600.0
30241;37860.0;300.0;39;0;0;0;0;0;0;0;1;420.0
30181;38040.0;180.0;37;0;0;0;1;0;0;0;0;240.0
30172;38100.0;180.0;37;0;0;1;0;0;0;0;0;180.0
30175;38160.0;120.0;40;1;0;0;0;0;0;0;0;120.0
30560;38100.0;240.0;37;0;1;0;0;0;0;0;0;240.0
30175;38100.0;540.0;37;1;0;0;0;0;0;0;0;240.0
30175;38100.0;540.0;37;1;0;0;0;0;0;0;0;240.0
30066;38160.0;780.0;40;0;0;0;0;0;1;0;0;180.0
30560;38160.0;60.0;40;0;1;0;0;0;0;0;0;180.0
30181;38160.0;240.0;40;0;0;0;1;0;0;0;0;180.0
30175;38280.0;240.0;43;1;0;0;0;0;0;0;0;60.0
30179;38280.0;60.0;43;0;0;0;0;1;0;0;0;60.0
30175;38040.0;600.0;37;1;0;0;0;0;0;0;0;360.0
30175;38100.0;540.0;37;1;0;0;0;0;0;0;0;300.0
30560;38220.0;180.0;45;0;1;0;0;0;0;0;0;180.0
30560;38220.0;180.0;45;0;1;0;0;0;0;0;0;180.0
30511;38280.0;420.0;43;0;0;0;0;0;0;0;1;120.0
30181;37020.0;300.0;43;0;0;0;1;0;0;0;0;1440.0
30175;38100.0;540.0;37;1;0;0;0;0;0;0;0;360.0
30175;38160.0;120.0;40;1;0;0;0;0;0;0;0;300.0
30181;38160.0;240.0;40;0;0;0;1;0;0;0;0;300.0
30181;38160.0;240.0;40;0;0;0;1;0;0;0;0;300.0
30181;38160.0;240.0;40;0;0;0;1;0;0;0;0;300.0
30175;38220.0;120.0;45;1;0;0;0;0;0;0;0;240.0
30175;38220.0;120.0;45;1;0;0;0;0;0;0;0;240.0
30172;38220.0;180.0;45;0;0;1;0;0;0;0;0;240.0
30175;38280.0;240.0;43;1;0;0;0;0;0;0;0;180.0
30181;38280.0;360.0;43;0;0;0;1;0;0;0;0;180.0
30560;38280.0;180.0;43;0;1;0;0;0;0;0;0;180.0
30560;38340.0;180.0;48;0;1;0;0;0;0;0;0;120.0
30181;37920.0;240.0;38;0;0;0;1;0;0;0;0;600.0
30560;37980.0;300.0;38;0;1;0;0;0;0;0;0;540.0
30181;38040.0;180.0;37;0;0;0;1;0;0;0;0;480.0
30181;38160.0;240.0;40;0;0;0;1;0;0;0;0;360.0
30181;38160.0;240.0;40;0;0;0;1;0;0;0;0;360.0
30175;38280.0;240.0;43;1;0;0;0;0;0;0;0;240.0
30560;38280.0;180.0;43;0;1;0;0;0;0;0;0;240.0
30175;38280.0;240.0;43;1;0;0;0;0;0;0;0;240.0
30175;38280.0;240.0;43;1;0;0;0;0;0;0;0;240.0
30175;38340.0;240.0;48;1;0;0;0;0;0;0;0;180.0
30560;38340.0;180.0;48;0;1;0;0;0;0;0;0;180.0
30560;38460.0;180.0;51;0;1;0;0;0;0;0;0;60.0
30175;38520.0;480.0;47;1;0;0;0;0;0;0;0;0.0
30175;37980.0;120.0;38;1;0;0;0;0;0;0;0;600.0
30175;38040.0;600.0;37;1;0;0;0;0;0;0;0;540.0
30181;38220.0;300.0;45;0;0;0;1;0;0;0;0;360.0
30175;38280.0;240.0;43;1;0;0;0;0;0;0;0;300.0
30172;38340.0;240.0;48;0;0;1;0;0;0;0;0;240.0
30175;38340.0;240.0;48;1;0;0;0;0;0;0;0;240.0
30181;38400.0;900.0;49;0;0;0;1;0;0;0;0;180.0
30172;38400.0;240.0;49;0;0;1;0;0;0;0;0;180.0
30560;38400.0;120.0;49;0;1;0;0;0;0;0;0;180.0
30181;38460.0;180.0;51;0;0;0;1;0;0;0;0;120.0
30175;38040.0;600.0;37;1;0;0;0;0;0;0;0;600.0
30175;38100.0;540.0;37;1;0;0;0;0;0;0;0;540.0
30175;38340.0;240.0;48;1;0;0;0;0;0;0;0;300.0
30175;38400.0;240.0;49;1;0;0;0;0;0;0;0;240.0
30172;38400.0;240.0;49;0;0;1;0;0;0;0;0;240.0
30560;38460.0;180.0;51;0;1;0;0;0;0;0;0;180.0
30181;38460.0;180.0;51;0;0;0;1;0;0;0;0;180.0
30175;38580.0;300.0;44;1;0;0;0;0;0;0;0;60.0
30175;38580.0;300.0;44;1;0;0;0;0;0;0;0;60.0
30172;38580.0;1260.0;44;0;0;1;0;0;0;0;0;60.0
30175;38460.0;360.0;51;1;0;0;0;0;0;0;0;240.0
30175;38460.0;360.0;51;1;0;0;0;0;0;0;0;240.0
30175;38340.0;240.0;48;1;0;0;0;0;0;0;0;420.0
30175;38400.0;240.0;49;1;0;0;0;0;0;0;0;360.0
30179;38460.0;60.0;51;0;0;0;0;1;0;0;0;300.0
30560;38520.0;180.0;47;0;1;0;0;0;0;0;0;240.0
30175;38580.0;300.0;44;1;0;0;0;0;0;0;0;180.0
30175;38640.0;240.0;43;1;0;0;0;0;0;0;0;120.0
30175;38640.0;240.0;43;1;0;0;0;0;0;0;0;120.0
30181;38700.0;420.0;43;0;0;0;1;0;0;0;0;60.0
30175;38520.0;480.0;47;1;0;0;0;0;0;0;0;300.0
30175;38580.0;300.0;44;1;0;0;0;0;0;0;0;240.0
30172;38640.0;720.0;43;0;0;1;0;0;0;0;0;180.0
30172;38760.0;180.0;50;0;0;1;0;0;0;0;0;60.0
30560;38760.0;360.0;50;0;1;0;0;0;0;0;0;60.0
30560;38460.0;180.0;51;0;1;0;0;0;0;0;0;420.0
30560;38640.0;240.0;43;0;1;0;0;0;0;0;0;240.0
30560;38640.0;240.0;43;0;1;0;0;0;0;0;0;240.0
30175;38700.0;120.0;43;1;0;0;0;0;0;0;0;180.0
30175;38700.0;120.0;43;1;0;0;0;0;0;0;0;180.0
30175;38700.0;120.0;43;1;0;0;0;0;0;0;0;180.0
30175;38760.0;240.0;50;1;0;0;0;0;0;0;0;120.0
30175;38460.0;360.0;51;1;0;0;0;0;0;0;0;480.0
30181;38520.0;120.0;47;0;0;0;1;0;0;0;0;420.0
30560;38640.0;240.0;43;0;1;0;0;0;0;0;0;300.0
30175;38700.0;120.0;43;1;0;0;0;0;0;0;0;240.0
30172;38760.0;180.0;50;0;0;1;0;0;0;0;0;180.0
30172;38820.0;420.0;50;0;0;1;0;0;0;0;0;120.0
30175;38520.0;480.0;47;1;0;0;0;0;0;0;0;480.0
30175;38520.0;480.0;47;1;0;0;0;0;0;0;0;480.0
30179;38580.0;660.0;44;0;0;0;0;1;0;0;0;420.0
30175;38580.0;300.0;44;1;0;0;0;0;0;0;0;420.0
30181;38640.0;540.0;43;0;0;0;1;0;0;0;0;360.0
30560;38640.0;240.0;43;0;1;0;0;0;0;0;0;360.0
30175;38700.0;120.0;43;1;0;0;0;0;0;0;0;300.0
30560;38820.0;60.0;50;0;1;0;0;0;0;0;0;180.0
30560;38880.0;180.0;52;0;1;0;0;0;0;0;0;120.0
30175;38880.0;300.0;52;1;0;0;0;0;0;0;0;120.0
30175;38940.0;300.0;57;1;0;0;0;0;0;0;0;60.0
30179;39000.0;120.0;64;0;0;0;0;1;0;0;0;0.0
30181;37740.0;180.0;44;0;0;0;1;0;0;0;0;1320.0
30175;38340.0;240.0;48;1;0;0;0;0;0;0;0;720.0
30181;38520.0;120.0;47;0;0;0;1;0;0;0;0;540.0
30181;38520.0;120.0;47;0;0;0;1;0;0;0;0;540.0
30181;38640.0;540.0;43;0;0;0;1;0;0;0;0;420.0
30175;38700.0;120.0;43;1;0;0;0;0;0;0;0;360.0
30175;38760.0;240.0;50;1;0;0;0;0;0;0;0;300.0
30560;38820.0;60.0;50;0;1;0;0;0;0;0;0;240.0
30175;38820.0;300.0;50;1;0;0;0;0;0;0;0;240.0
30175;38880.0;300.0;52;1;0;0;0;0;0;0;0;180.0
30179;38940.0;600.0;57;0;0;0;0;1;0;0;0;120.0
30175;38940.0;300.0;57;1;0;0;0;0;0;0;0;120.0
30175;38940.0;300.0;57;1;0;0;0;0;0;0;0;120.0
30172;39000.0;360.0;64;0;0;1;0;0;0;0;0;60.0
30181;38640.0;540.0;43;0;0;0;1;0;0;0;0;480.0
30172;38760.0;180.0;50;0;0;1;0;0;0;0;0;360.0
30175;38820.0;300.0;50;1;0;0;0;0;0;0;0;300.0
30560;38880.0;180.0;52;0;1;0;0;0;0;0;0;240.0
30181;38940.0;480.0;57;0;0;0;1;0;0;0;0;180.0
30560;38940.0;240.0;57;0;1;0;0;0;0;0;0;180.0
30560;39000.0;180.0;64;0;1;0;0;0;0;0;0;120.0
30175;39000.0;240.0;64;1;0;0;0;0;0;0;0;120.0
30179;38520.0;300.0;47;0;0;0;0;1;0;0;0;660.0
30179;38580.0;660.0;44;0;0;0;0;1;0;0;0;600.0
30172;38760.0;180.0;50;0;0;1;0;0;0;0;0;420.0
30175;38880.0;300.0;52;1;0;0;0;0;0;0;0;300.0
30181;38880.0;540.0;52;0;0;0;1;0;0;0;0;300.0
30560;38940.0;240.0;57;0;1;0;0;0;0;0;0;240.0
30175;38940.0;300.0;57;1;0;0;0;0;0;0;0;240.0
30560;39060.0;120.0;63;0;1;0;0;0;0;0;0;120.0
30181;38340.0;180.0;48;0;0;0;1;0;0;0;0;900.0
30181;38880.0;540.0;52;0;0;0;1;0;0;0;0;360.0
30172;38880.0;120.0;52;0;0;1;0;0;0;0;0;360.0
30560;39000.0;180.0;64;0;1;0;0;0;0;0;0;240.0
30175;39000.0;240.0;64;1;0;0;0;0;0;0;0;240.0
30175;39000.0;240.0;64;1;0;0;0;0;0;0;0;240.0
30181;39060.0;360.0;63;0;0;0;1;0;0;0;0;180.0
30179;39060.0;0.0;63;0;0;0;0;1;0;0;0;180.0
30175;39060.0;240.0;63;1;0;0;0;0;0;0;0;180.0
30560;39060.0;120.0;63;0;1;0;0;0;0;0;0;180.0
30175;39120.0;180.0;54;1;0;0;0;0;0;0;0;120.0
30175;38400.0;240.0;49;1;0;0;0;0;0;0;0;900.0
30172;38580.0;1260.0;44;0;0;1;0;0;0;0;0;720.0
30175;38700.0;120.0;43;1;0;0;0;0;0;0;0;600.0
30241;38880.0;120.0;52;0;0;0;0;0;0;0;1;420.0
30181;38940.0;480.0;57;0;0;0;1;0;0;0;0;360.0
30181;38940.0;480.0;57;0;0;0;1;0;0;0;0;360.0
30175;39120.0;180.0;54;1;0;0;0;0;0;0;0;180.0
30181;39120.0;180.0;54;0;0;0;1;0;0;0;0;180.0
30175;39120.0;180.0;54;1;0;0;0;0;0;0;0;180.0
30172;39120.0;540.0;54;0;0;1;0;0;0;0;0;180.0
30179;39300.0;180.0;48;0;0;0;0;1;0;0;0;0.0
30175;38820.0;300.0;50;1;0;0;0;0;0;0;0;540.0
30181;38820.0;60.0;50;0;0;0;1;0;0;0;0;540.0
30181;38880.0;540.0;52;0;0;0;1;0;0;0;0;480.0
30181;39000.0;540.0;64;0;0;0;1;0;0;0;0;360.0
30560;39120.0;180.0;54;0;1;0;0;0;0;0;0;240.0
30175;39120.0;180.0;54;1;0;0;0;0;0;0;0;240.0
30175;39120.0;180.0;54;1;0;0;0;0;0;0;0;240.0
30175;39180.0;180.0;55;1;0;0;0;0;0;0;0;180.0
30172;38760.0;180.0;50;0;0;1;0;0;0;0;0;660.0
30175;39120.0;180.0;54;1;0;0;0;0;0;0;0;300.0
30175;39180.0;180.0;55;1;0;0;0;0;0;0;0;240.0
30175;39240.0;180.0;52;1;0;0;0;0;0;0;0;180.0
30172;39300.0;360.0;48;0;0;1;0;0;0;0;0;120.0
30175;39300.0;300.0;48;1;0;0;0;0;0;0;0;120.0
30175;39360.0;300.0;52;1;0;0;0;0;0;0;0;60.0
30172;39360.0;120.0;52;0;0;1;0;0;0;0;0;60.0
30175;38880.0;300.0;52;1;0;0;0;0;0;0;0;600.0
30175;38880.0;300.0;52;1;0;0;0;0;0;0;0;600.0
30181;38940.0;480.0;57;0;0;0;1;0;0;0;0;540.0
30172;39180.0;180.0;55;0;0;1;0;0;0;0;0;300.0
30560;39180.0;240.0;55;0;1;0;0;0;0;0;0;300.0
30175;39240.0;180.0;52;1;0;0;0;0;0;0;0;240.0
30560;39300.0;300.0;48;0;1;0;0;0;0;0;0;180.0
30560;39300.0;300.0;48;0;1;0;0;0;0;0;0;180.0
30560;39300.0;300.0;48;0;1;0;0;0;0;0;0;180.0
30172;39360.0;120.0;52;0;0;1;0;0;0;0;0;120.0
30175;39420.0;900.0;56;1;0;0;0;0;0;0;0;60.0
30175;39420.0;900.0;56;1;0;0;0;0;0;0;0;60.0
30172;39000.0;360.0;64;0;0;1;0;0;0;0;0;540.0
30181;39000.0;540.0;64;0;0;0;1;0;0;0;0;540.0
30560;39240.0;300.0;52;0;1;0;0;0;0;0;0;300.0
30175;39240.0;180.0;52;1;0;0;0;0;0;0;0;300.0
30560;39420.0;240.0;56;0;1;0;0;0;0;0;0;120.0
30172;39480.0;120.0;59;0;0;1;0;0;0;0;0;60.0
30172;39540.0;60.0;57;0;0;1;0;0;0;0;0;0.0
30172;39240.0;300.0;52;0;0;1;0;0;0;0;0;360.0
30175;39300.0;300.0;48;1;0;0;0;0;0;0;0;300.0
30560;39360.0;780.0;52;0;1;0;0;0;0;0;0;240.0
30560;39360.0;780.0;52;0;1;0;0;0;0;0;0;240.0
30172;39540.0;60.0;57;0;0;1;0;0;0;0;0;60.0
30175;39180.0;180.0;55;1;0;0;0;0;0;0;0;480.0
30181;39300.0;180.0;48;0;0;0;1;0;0;0;0;360.0
30175;39300.0;300.0;48;1;0;0;0;0;0;0;0;360.0
30181;39360.0;720.0;52;0;0;0;1;0;0;0;0;300.0
30175;39360.0;300.0;52;1;0;0;0;0;0;0;0;300.0
30175;39420.0;900.0;56;1;0;0;0;0;0;0;0;240.0
30560;39420.0;240.0;56;0;1;0;0;0;0;0;0;240.0
30560;39480.0;120.0;59;0;1;0;0;0;0;0;0;180.0
30560;39480.0;120.0;59;0;1;0;0;0;0;0;0;180.0
30172;39600.0;0.0;63;0;0;1;0;0;0;0;0;60.0
30181;39300.0;180.0;48;0;0;0;1;0;0;0;0;420.0
30181;39300.0;180.0;48;0;0;0;1;0;0;0;0;420.0
30181;39360.0;720.0;52;0;0;0;1;0;0;0;0;360.0
30560;39360.0;780.0;52;0;1;0;0;0;0;0;0;360.0
30181;39420.0;360.0;56;0;0;0;1;0;0;0;0;300.0
30560;39420.0;240.0;56;0;1;0;0;0;0;0;0;300.0
30172;39480.0;120.0;59;0;0;1;0;0;0;0;0;240.0
30560;39480.0;120.0;59;0;1;0;0;0;0;0;0;240.0
30560;39480.0;120.0;59;0;1;0;0;0;0;0;0;240.0
30560;39480.0;120.0;59;0;1;0;0;0;0;0;0;240.0
30175;39540.0;300.0;57;1;0;0;0;0;0;0;0;180.0
30560;39660.0;180.0;63;0;1;0;0;0;0;0;0;60.0
30172;39660.0;300.0;63;0;0;1;0;0;0;0;0;60.0
30172;38520.0;240.0;47;0;0;1;0;0;0;0;0;1260.0
30560;39300.0;300.0;48;0;1;0;0;0;0;0;0;480.0
30175;39420.0;900.0;56;1;0;0;0;0;0;0;0;360.0
30175;39480.0;360.0;59;1;0;0;0;0;0;0;0;300.0
30175;39540.0;300.0;57;1;0;0;0;0;0;0;0;240.0
30560;39600.0;240.0;63;0;1;0;0;0;0;0;0;180.0
30175;39240.0;180.0;52;1;0;0;0;0;0;0;0;600.0
30172;39360.0;120.0;52;0;0;1;0;0;0;0;0;480.0
30175;39420.0;900.0;56;1;0;0;0;0;0;0;0;420.0
30179;39540.0;0.0;57;0;0;0;0;1;0;0;0;300.0
30181;39540.0;420.0;57;0;0;0;1;0;0;0;0;300.0
30175;39660.0;480.0;63;1;0;0;0;0;0;0;0;180.0
30175;39660.0;480.0;63;1;0;0;0;0;0;0;0;180.0
30175;39660.0;480.0;63;1;0;0;0;0;0;0;0;180.0
30560;39720.0;480.0;68;0;1;0;0;0;0;0;0;120.0
30560;39780.0;120.0;63;0;1;0;0;0;0;0;0;60.0
30175;39240.0;180.0;52;1;0;0;0;0;0;0;0;660.0
30181;39480.0;300.0;59;0;0;0;1;0;0;0;0;420.0
30175;39540.0;300.0;57;1;0;0;0;0;0;0;0;360.0
30175;39540.0;300.0;57;1;0;0;0;0;0;0;0;360.0
30175;39540.0;300.0;57;1;0;0;0;0;0;0;0;360.0
30175;39540.0;300.0;57;1;0;0;0;0;0;0;0;360.0
30172;39600.0;0.0;63;0;0;1;0;0;0;0;0;300.0
30560;39660.0;180.0;63;0;1;0;0;0;0;0;0;240.0
30560;39660.0;180.0;63;0;1;0;0;0;0;0;0;240.0
30181;39660.0;300.0;63;0;0;0;1;0;0;0;0;240.0
30175;39720.0;360.0;68;1;0;0;0;0;0;0;0;180.0
30175;39720.0;360.0;68;1;0;0;0;0;0;0;0;180.0
30175;39780.0;180.0;63;1;0;0;0;0;0;0;0;120.0
30172;39780.0;60.0;63;0;0;1;0;0;0;0;0;120.0
30181;39840.0;420.0;64;0;0;0;1;0;0;0;0;60.0
30175;39900.0;480.0;62;1;0;0;0;0;0;0;0;0.0
30066;39300.0;60.0;48;0;0;0;0;0;1;0;0;660.0
30560;39420.0;240.0;56;0;1;0;0;0;0;0;0;540.0
30066;39540.0;660.0;57;0;0;0;0;0;1;0;0;420.0
30560;39660.0;180.0;63;0;1;0;0;0;0;0;0;300.0
30175;39660.0;480.0;63;1;0;0;0;0;0;0;0;300.0
30175;39720.0;360.0;68;1;0;0;0;0;0;0;0;240.0
30181;39780.0;540.0;63;0;0;0;1;0;0;0;0;180.0
30175;38700.0;120.0;43;1;0;0;0;0;0;0;0;1320.0
30181;39300.0;180.0;48;0;0;0;1;0;0;0;0;720.0
30175;39420.0;900.0;56;1;0;0;0;0;0;0;0;600.0
30181;39540.0;420.0;57;0;0;0;1;0;0;0;0;480.0
30175;39660.0;480.0;63;1;0;0;0;0;0;0;0;360.0
30181;39720.0;240.0;68;0;0;0;1;0;0;0;0;300.0
30175;39840.0;120.0;64;1;0;0;0;0;0;0;0;180.0
30172;39840.0;120.0;64;0;0;1;0;0;0;0;0;180.0
30175;39900.0;480.0;62;1;0;0;0;0;0;0;0;120.0
30175;39900.0;480.0;62;1;0;0;0;0;0;0;0;120.0
30181;39900.0;60.0;62;0;0;0;1;0;0;0;0;120.0
30175;40020.0;540.0;55;1;0;0;0;0;0;0;0;0.0
30181;40020.0;240.0;55;0;0;0;1;0;0;0;0;0.0
30175;38940.0;300.0;57;1;0;0;0;0;0;0;0;1140.0
30175;39000.0;240.0;64;1;0;0;0;0;0;0;0;1080.0
30560;39300.0;300.0;48;0;1;0;0;0;0;0;0;780.0
30560;39480.0;120.0;59;0;1;0;0;0;0;0;0;600.0
30175;39600.0;360.0;63;1;0;0;0;0;0;0;0;480.0
30175;39660.0;480.0;63;1;0;0;0;0;0;0;0;420.0
30181;39720.0;240.0;68;0;0;0;1;0;0;0;0;360.0
30175;39780.0;180.0;63;1;0;0;0;0;0;0;0;300.0
30175;39780.0;180.0;63;1;0;0;0;0;0;0;0;300.0
30181;39840.0;420.0;64;0;0;0;1;0;0;0;0;240.0
30175;39900.0;480.0;62;1;0;0;0;0;0;0;0;180.0
30175;39900.0;480.0;62;1;0;0;0;0;0;0;0;180.0
30175;39960.0;180.0;54;1;0;0;0;0;0;0;0;120.0
30172;40020.0;180.0;55;0;0;1;0;0;0;0;0;60.0
30175;40020.0;540.0;55;1;0;0;0;0;0;0;0;60.0
30560;40020.0;240.0;55;0;1;0;0;0;0;0;0;60.0
30175;39360.0;300.0;52;1;0;0;0;0;0;0;0;780.0
30560;39660.0;180.0;63;0;1;0;0;0;0;0;0;480.0
30175;39720.0;360.0;68;1;0;0;0;0;0;0;0;420.0
30560;40020.0;240.0;55;0;1;0;0;0;0;0;0;120.0
30175;40020.0;540.0;55;1;0;0;0;0;0;0;0;120.0
30560;40020.0;240.0;55;0;1;0;0;0;0;0;0;120.0
30175;40020.0;540.0;55;1;0;0;0;0;0;0;0;120.0
30175;40080.0;120.0;59;1;0;0;0;0;0;0;0;60.0
30181;40140.0;480.0;56;0;0;0;1;0;0;0;0;0.0
30181;39780.0;540.0;63;0;0;0;1;0;0;0;0;420.0
30175;39840.0;120.0;64;1;0;0;0;0;0;0;0;360.0
30241;39840.0;420.0;64;0;0;0;0;0;0;0;1;360.0
30560;39960.0;60.0;54;0;1;0;0;0;0;0;0;240.0
30560;39960.0;60.0;54;0;1;0;0;0;0;0;0;240.0
30181;39960.0;120.0;54;0;0;0;1;0;0;0;0;240.0
30181;40020.0;240.0;55;0;0;0;1;0;0;0;0;180.0
30560;40080.0;60.0;59;0;1;0;0;0;0;0;0;120.0
30560;40140.0;240.0;56;0;1;0;0;0;0;0;0;60.0
30175;39360.0;300.0;52;1;0;0;0;0;0;0;0;900.0
30175;39540.0;300.0;57;1;0;0;0;0;0;0;0;720.0
30181;39720.0;240.0;68;0;0;0;1;0;0;0;0;540.0
30175;39900.0;480.0;62;1;0;0;0;0;0;0;0;360.0
30181;40020.0;240.0;55;0;0;0;1;0;0;0;0;240.0
30181;40140.0;480.0;56;0;0;0;1;0;0;0;0;120.0
30175;40200.0;180.0;57;1;0;0;0;0;0;0;0;60.0
30175;38940.0;300.0;57;1;0;0;0;0;0;0;0;1380.0
30175;39840.0;120.0;64;1;0;0;0;0;0;0;0;480.0
30175;40020.0;540.0;55;1;0;0;0;0;0;0;0;300.0
30172;40080.0;60.0;59;0;0;1;0;0;0;0;0;240.0
30560;40080.0;60.0;59;0;1;0;0;0;0;0;0;240.0
30175;40140.0;360.0;56;1;0;0;0;0;0;0;0;180.0
30560;40140.0;240.0;56;0;1;0;0;0;0;0;0;180.0
30175;40140.0;360.0;56;1;0;0;0;0;0;0;0;180.0
30560;40140.0;240.0;56;0;1;0;0;0;0;0;0;180.0
30560;40140.0;240.0;56;0;1;0;0;0;0;0;0;180.0
30175;40200.0;180.0;57;1;0;0;0;0;0;0;0;120.0
30175;39600.0;360.0;63;1;0;0;0;0;0;0;0;780.0
30175;39660.0;480.0;63;1;0;0;0;0;0;0;0;720.0
30175;39960.0;180.0;54;1;0;0;0;0;0;0;0;420.0
30172;40020.0;180.0;55;0;0;1;0;0;0;0;0;360.0
30181;40020.0;240.0;55;0;0;0;1;0;0;0;0;360.0
30175;40020.0;540.0;55;1;0;0;0;0;0;0;0;360.0
30175;40080.0;120.0;59;1;0;0;0;0;0;0;0;300.0
30560;40140.0;240.0;56;0;1;0;0;0;0;0;0;240.0
30560;40200.0;180.0;57;0;1;0;0;0;0;0;0;180.0
30560;40260.0;180.0;57;0;1;0;0;0;0;0;0;120.0
30560;40380.0;120.0;54;0;1;0;0;0;0;0;0;0.0
30175;39960.0;180.0;54;1;0;0;0;0;0;0;0;480.0
30175;40080.0;120.0;59;1;0;0;0;0;0;0;0;360.0
30181;40200.0;120.0;57;0;0;0;1;0;0;0;0;240.0
30066;40200.0;420.0;57;0;0;0;0;0;1;0;0;240.0
30066;40320.0;240.0;57;0;0;0;0;0;1;0;0;120.0
30175;40380.0;300.0;54;1;0;0;0;0;0;0;0;60.0
30175;39960.0;180.0;54;1;0;0;0;0;0;0;0;540.0
30175;40080.0;120.0;59;1;0;0;0;0;0;0;0;420.0
30560;40080.0;60.0;59;0;1;0;0;0;0;0;0;420.0
30175;40200.0;180.0;57;1;0;0;0;0;0;0;0;300.0
30175;40260.0;480.0;57;1;0;0;0;0;0;0;0;240.0
30181;40020.0;240.0;55;0;0;0;1;0;0;0;0;540.0
30175;40080.0;120.0;59;1;0;0;0;0;0;0;0;480.0
30181;40080.0;540.0;59;0;0;0;1;0;0;0;0;480.0
30175;40260.0;480.0;57;1;0;0;0;0;0;0;0;300.0
30172;40320.0;600.0;57;0;0;1;0;0;0;0;0;240.0
30172;40320.0;600.0;57;0;0;1;0;0;0;0;0;240.0
30175;40380.0;300.0;54;1;0;0;0;0;0;0;0;180.0
30241;40440.0;360.0;52;0;0;0;0;0;0;0;1;120.0
30175;40440.0;1440.0;52;1;0;0;0;0;0;0;0;120.0
30181;39900.0;60.0;62;0;0;0;1;0;0;0;0;720.0
30175;40020.0;540.0;55;1;0;0;0;0;0;0;0;600.0
30175;40080.0;120.0;59;1;0;0;0;0;0;0;0;540.0
30179;40200.0;1080.0;57;0;0;0;0;1;0;0;0;420.0
30175;40260.0;480.0;57;1;0;0;0;0;0;0;0;360.0
30175;40320.0;720.0;57;1;0;0;0;0;0;0;0;300.0
30175;40560.0;300.0;57;1;0;0;0;0;0;0;0;60.0
30175;39660.0;480.0;63;1;0;0;0;0;0;0;0;1020.0
30175;40200.0;180.0;57;1;0;0;0;0;0;0;0;480.0
30181;40260.0;240.0;57;0;0;0;1;0;0;0;0;420.0
30181;40320.0;420.0;57;0;0;0;1;0;0;0;0;360.0
30175;40500.0;60.0;57;1;0;0;0;0;0;0;0;180.0
30172;39840.0;120.0;64;0;0;1;0;0;0;0;0;900.0
30175;39960.0;180.0;54;1;0;0;0;0;0;0;0;780.0
30560;40380.0;120.0;54;0;1;0;0;0;0;0;0;360.0
30175;40380.0;300.0;54;1;0;0;0;0;0;0;0;360.0
30181;40380.0;360.0;54;0;0;0;1;0;0;0;0;360.0
30175;40380.0;300.0;54;1;0;0;0;0;0;0;0;360.0
30560;40380.0;120.0;54;0;1;0;0;0;0;0;0;360.0
30560;40440.0;360.0;52;0;1;0;0;0;0;0;0;300.0
30560;40500.0;300.0;57;0;1;0;0;0;0;0;0;240.0
30175;40560.0;300.0;57;1;0;0;0;0;0;0;0;180.0
30560;40620.0;240.0;54;0;1;0;0;0;0;0;0;120.0
30175;40080.0;120.0;59;1;0;0;0;0;0;0;0;720.0
30175;40320.0;720.0;57;1;0;0;0;0;0;0;0;480.0
30175;40440.0;1440.0;52;1;0;0;0;0;0;0;0;360.0
30560;40440.0;360.0;52;0;1;0;0;0;0;0;0;360.0
30175;40440.0;1440.0;52;1;0;0;0;0;0;0;0;360.0
30175;40500.0;60.0;57;1;0;0;0;0;0;0;0;300.0
30172;40200.0;240.0;57;0;0;1;0;0;0;0;0;660.0
30172;40260.0;660.0;57;0;0;1;0;0;0;0;0;600.0
30181;40320.0;420.0;57;0;0;0;1;0;0;0;0;540.0
30181;40440.0;360.0;52;0;0;0;1;0;0;0;0;420.0
30066;40560.0;0.0;57;0;0;0;0;0;1;0;0;300.0
30175;40560.0;300.0;57;1;0;0;0;0;0;0;0;360.0
30560;40860.0;300.0;35;0;1;0;0;0;0;0;0;60.0
30175;40260.0;480.0;57;1;0;0;0;0;0;0;0;720.0
30175;40440.0;1440.0;52;1;0;0;0;0;0;0;0;540.0
30181;40800.0;420.0;38;0;0;0;1;0;0;0;0;180.0
30172;40440.0;240.0;52;0;0;1;0;0;0;0;0;600.0
30179;40680.0;60.0;50;0;0;0;0;1;0;0;0;360.0
30560;40740.0;120.0;46;0;1;0;0;0;0;0;0;300.0
30175;40800.0;0.0;38;1;0;0;0;0;0;0;0;240.0
30175;40800.0;0.0;38;1;0;0;0;0;0;0;0;240.0
30560;40860.0;300.0;35;0;1;0;0;0;0;0;0;180.0
30560;40860.0;300.0;35;0;1;0;0;0;0;0;0;240.0
30172;40560.0;600.0;57;0;0;1;0;0;0;0;0;600.0
30175;40620.0;360.0;54;1;0;0;0;0;0;0;0;540.0
30179;40740.0;360.0;46;0;0;0;0;1;0;0;0;420.0
30179;40140.0;300.0;56;0;0;0;0;1;0;0;0;1080.0
30175;40620.0;360.0;54;1;0;0;0;0;0;0;0;720.0
30181;40860.0;180.0;35;0;0;0;1;0;0;0;0;480.0
30181;41160.0;480.0;28;0;0;0;1;0;0;0;0;180.0
30175;40500.0;60.0;57;1;0;0;0;0;0;0;0;900.0
30560;41280.0;60.0;25;0;1;0;0;0;0;0;0;180.0
30175;41280.0;0.0;25;1;0;0;0;0;0;0;0;240.0
30560;41340.0;180.0;28;0;1;0;0;0;0;0;0;180.0
30175;40860.0;240.0;35;1;0;0;0;0;0;0;0;720.0
30175;41340.0;60.0;28;1;0;0;0;0;0;0;0;300.0
30175;41340.0;60.0;28;1;0;0;0;0;0;0;0;300.0
30175;40380.0;300.0;54;1;0;0;0;0;0;0;0;1440.0
30172;41340.0;180.0;28;0;0;1;0;0;0;0;0;540.0
30172;40320.0;600.0;57;0;0;1;0;0;0;0;0;1860.0
30175;42300.0;60.0;32;1;0;0;0;0;0;0;0;180.0
30175;42300.0;60.0;32;1;0;0;0;0;0;0;0;180.0
30181;42300.0;60.0;32;0;0;0;1;0;0;0;0;240.0
30179;42480.0;600.0;43;0;0;0;0;1;0;0;0;60.0
30181;42300.0;60.0;32;0;0;0;1;0;0;0;0;300.0
30172;42360.0;0.0;39;0;0;1;0;0;0;0;0;240.0
30181;42660.0;180.0;41;0;0;0;1;0;0;0;0;0.0
30181;42600.0;300.0;41;0;0;0;1;0;0;0;0;180.0
30560;42660.0;0.0;41;0;1;0;0;0;0;0;0;120.0
30175;42720.0;300.0;48;1;0;0;0;0;0;0;0;60.0
30172;42720.0;180.0;48;0;0;1;0;0;0;0;0;60.0
30181;42780.0;180.0;58;0;0;0;1;0;0;0;0;0.0
30175;42660.0;300.0;41;1;0;0;0;0;0;0;0;180.0
30172;42660.0;60.0;41;0;0;1;0;0;0;0;0;180.0
30181;42840.0;540.0;69;0;0;0;1;0;0;0;0;0.0
30175;42600.0;60.0;41;1;0;0;0;0;0;0;0;300.0
30181;42720.0;540.0;48;0;0;0;1;0;0;0;0;180.0
30560;42720.0;120.0;48;0;1;0;0;0;0;0;0;180.0
30175;42300.0;60.0;32;1;0;0;0;0;0;0;0;660.0
30179;42360.0;120.0;39;0;0;0;0;1;0;0;0;600.0
30175;42660.0;300.0;41;1;0;0;0;0;0;0;0;300.0
30181;42720.0;540.0;48;0;0;0;1;0;0;0;0;240.0
30175;42780.0;0.0;58;1;0;0;0;0;0;0;0;180.0
30175;42840.0;180.0;69;1;0;0;0;0;0;0;0;120.0
30175;42840.0;180.0;69;1;0;0;0;0;0;0;0;120.0
30179;42660.0;60.0;41;0;0;0;0;1;0;0;0;360.0
30181;42720.0;540.0;48;0;0;0;1;0;0;0;0;300.0
30560;42780.0;180.0;58;0;1;0;0;0;0;0;0;240.0
30181;42840.0;540.0;69;0;0;0;1;0;0;0;0;180.0
30175;42840.0;180.0;69;1;0;0;0;0;0;0;0;180.0
30172;42780.0;60.0;58;0;0;1;0;0;0;0;0;300.0
30175;42780.0;0.0;58;1;0;0;0;0;0;0;0;300.0
30181;42840.0;540.0;69;0;0;0;1;0;0;0;0;240.0
30181;42840.0;540.0;69;0;0;0;1;0;0;0;0;240.0
30560;42840.0;240.0;69;0;1;0;0;0;0;0;0;240.0
30175;42900.0;180.0;78;1;0;0;0;0;0;0;0;180.0
30181;42720.0;540.0;48;0;0;0;1;0;0;0;0;420.0
30181;42720.0;540.0;48;0;0;0;1;0;0;0;0;420.0
30175;42780.0;0.0;58;1;0;0;0;0;0;0;0;360.0
30179;42780.0;360.0;58;0;0;0;0;1;0;0;0;360.0
30066;42780.0;60.0;58;0;0;0;0;0;1;0;0;360.0
30179;42840.0;360.0;69;0;0;0;0;1;0;0;0;300.0
30560;43080.0;240.0;77;0;1;0;0;0;0;0;0;60.0
30560;43080.0;240.0;77;0;1;0;0;0;0;0;0;60.0
